cell_id,frames,mean_bubble_count,max_bubble_count,mean_bubble_area_ratio,max_bubble_area_ratio,mean_cell_size
0,29,14.448275862068966,23,0.1641015642817785,0.2754745425889125,13700.379310344828
1,1,52.0,52,0.2388114791916582,0.2388114791916582,21674.0
2,7,20.857142857142858,28,0.24436392844476643,0.38081595232638094,9631.142857142857
3,19,1.6842105263157894,6,0.059906907788909156,0.9834983498349835,9921.105263157895
4,1,18.0,18,0.1272275623717464,0.1272275623717464,9259.0
5,5,11.8,18,0.065973128300197,0.1241864688966248,15944.4
6,24,3.6666666666666665,10,0.02795327174114429,0.07879716731846528,18701.5
7,7,4.714285714285714,9,0.2853374819052555,0.9799161970813466,13922.0
8,2,9.0,11,0.10013336813211444,0.11603638104356151,8938.5
9,1,28.0,28,0.0682975871313673,0.0682975871313673,29840.0
10,1,9.0,9,0.1865032734597952,0.1865032734597952,5957.0
11,6,3.8333333333333335,7,0.21550077113503066,0.9429750802629567,8617.166666666666
12,5,17.0,24,0.21587740479549317,0.2839325018341893,15675.2
13,16,8.125,16,0.1133936458538493,0.9651131824234355,9041.1875
14,12,5.5,13,0.22203420466965787,0.9943118334179787,11265.833333333334
15,2,6.5,7,0.11258665401449709,0.16673614005835766,8775.0
16,3,28.333333333333332,30,0.2780951803278658,0.28711462450592884,12384.666666666666
17,1,33.0,33,0.09269541510124014,0.09269541510124014,30077.0
18,16,6.6875,13,0.12061270230909667,0.24425830856525263,11531.6875
19,3,33.333333333333336,38,0.11178511841240103,0.15534786216534918,24322.333333333332
20,1,57.0,57,0.13865747063643813,0.13865747063643813,29288.0
21,29,7.413793103448276,22,0.06110883412020697,0.2993830002762685,11613.965517241379
22,1,30.0,30,0.13260664993726473,0.13260664993726473,12752.0
23,5,15.2,25,0.22254001030960993,0.42176630114373304,8836.0
24,2,32.5,34,0.22479715856181223,0.24677214038916168,22478.5
25,16,0.4375,1,0.07272357711070014,0.9846755787414412,7644.875
26,1,4.0,4,0.531812725090036,0.531812725090036,833.0
27,3,7.333333333333333,9,0.02916708322809614,0.036850106415323804,19581.666666666668
28,30,4.233333333333333,12,0.08942505395954337,0.22394621153348848,13291.8
29,1,7.0,7,0.46315099901735995,0.46315099901735995,3053.0
30,3,22.666666666666668,26,0.2106698199986133,0.27508063849143993,11842.333333333334
31,26,14.73076923076923,32,0.22855460971151148,0.3821728283057383,11456.0
32,26,21.346153846153847,39,0.20239386565072576,0.29727373593279444,13403.461538461539
33,2,4.0,6,0.310358108221251,0.5843325339728217,1986.0
34,1,2.0,2,0.003163691754872476,0.003163691754872476,25603.0
35,2,14.5,16,0.0862142475339352,0.11030896607431341,21156.5
36,2,32.5,40,0.043416289623586304,0.050622302309013954,48345.0
37,1,48.0,48,0.18691306969931937,0.18691306969931937,23214.0
38,2,14.5,26,0.29997561829390307,0.5122014537902388,3077.0
39,15,5.6,11,0.09534551493487524,0.938011456628478,13511.2
40,3,20.333333333333332,28,0.10680589501713213,0.1968777614138439,16387.333333333332
41,1,26.0,26,0.15811779370520412,0.15811779370520412,16045.0
42,14,13.0,23,0.08401672821885112,0.17439856620941616,15942.642857142857
43,1,3.0,3,0.031331592689295036,0.031331592689295036,7660.0
44,1,32.0,32,0.17923497267759564,0.17923497267759564,15555.0
45,16,8.9375,18,0.09757195860986308,0.9704044249694705,13385.3125
46,5,1.6,4,0.2506888883932239,0.9920792079207921,3548.0
47,2,20.5,24,0.07916998037908143,0.07924311327165334,16607.5
48,11,21.545454545454547,37,0.10365952251621241,0.18268602723207555,18822.0
49,29,37.37931034482759,57,0.14413268287114245,0.225383193177074,20057.689655172413
50,30,28.1,51,0.19690908854752814,0.3727776987626227,12338.4
51,1,1.0,1,0.00354251012145749,0.00354251012145749,5928.0
52,30,5.5,13,0.01927092300051488,0.052472941498835454,16003.3
53,27,4.2592592592592595,11,0.05890426569228868,0.9915040906230334,12877.148148148148
54,4,40.0,47,0.21883356051977373,0.28013622683351813,13731.75
55,7,2.7142857142857144,6,0.07929160354515896,0.16970278044103548,10194.285714285714
56,1,6.0,6,0.2403846153846154,0.2403846153846154,1352.0
57,3,17.0,29,0.1110571135734555,0.1798376323091152,9937.333333333334
58,20,3.1,9,0.03724974102845034,0.1301419878296146,13900.95
59,4,49.75,56,0.10375265202111833,0.12109826589595375,25658.25
60,2,8.5,11,0.12661130088759828,0.15169818793939993,11511.0
61,1,18.0,18,0.09109569648924122,0.09109569648924122,14128.0
62,1,37.0,37,0.15232882371165962,0.15232882371165962,19366.0
63,6,2.6666666666666665,6,0.05993871753248963,0.19503602882305845,8427.5
64,21,16.238095238095237,29,0.08507760818273032,0.16854783728505415,13234.761904761905
65,1,14.0,14,0.2392570002772387,0.2392570002772387,3607.0
66,10,2.0,4,0.2541059416840453,0.9553185356010377,2613.9
67,4,13.0,18,0.06474422700303517,0.08110736999625888,14682.0
68,2,26.5,30,0.19807405121908708,0.20603588907014683,12279.0
69,1,27.0,27,0.28144009931719427,0.28144009931719427,8055.0
70,27,27.51851851851852,37,0.2479313754552287,0.37827163404857345,16263.0
71,3,11.0,14,0.010977700206698249,0.013435587635336576,48934.0
72,1,26.0,26,0.24411134903640258,0.24411134903640258,8406.0
73,29,21.413793103448278,45,0.1315045218744382,0.288525582803512,13247.379310344828
74,1,12.0,12,0.15407597097737943,0.15407597097737943,7029.0
75,3,30.0,34,0.20976520724271971,0.22228739002932552,12709.333333333334
76,7,20.714285714285715,30,0.13481937230078805,0.2219052673477511,15070.285714285714
77,1,11.0,11,0.10506852294974983,0.10506852294974983,9194.0
78,1,63.0,63,0.1494112578977599,0.1494112578977599,27856.0
79,1,4.0,4,0.015381148233703307,0.015381148233703307,17749.0
80,5,8.8,13,0.08538428583005335,0.14104166666666668,6043.2
81,18,12.666666666666666,21,0.11890634778112719,0.3002099370188943,15184.944444444445
82,17,2.1176470588235294,6,0.06912552614843603,0.9708720514653324,12463.411764705883
83,30,10.4,21,0.06598056965415132,0.23597972972972972,14416.933333333332
84,2,4.0,5,0.28257936693328095,0.29739776951672864,3025.5
85,10,4.0,6,0.01697374536101798,0.02908329455560726,12297.2
86,17,1.8235294117647058,7,0.07182893469198906,0.9928372798516896,13747.588235294117
87,4,23.5,32,0.11512246397160297,0.1453476586255828,21360.0
88,19,69.10526315789474,88,0.23446619647366762,0.36735889243876463,20703.894736842107
89,13,1.3076923076923077,5,0.08275166632199928,0.9917668779003044,18513.0
90,1,42.0,42,0.18484579087738495,0.18484579087738495,14623.0
91,1,4.0,4,0.0595116988809766,0.0595116988809766,5898.0
92,4,18.0,23,0.10429378304633236,0.17951585317721352,16891.5
93,1,57.0,57,0.23051044834055767,0.23051044834055767,15457.0
94,3,10.666666666666666,15,0.10940023617695711,0.1421717683627272,13700.666666666666
95,1,20.0,20,0.16690970274817724,0.16690970274817724,8915.0
96,3,26.333333333333332,34,0.10053893988609348,0.11374270694933857,31995.666666666668
97,12,1.6666666666666667,5,0.3363971924512559,0.9927866765673067,10575.0
98,1,28.0,28,0.30408684546615583,0.30408684546615583,7830.0
99,23,2.217391304347826,7,0.07152308467538654,0.990146831530139,16609.260869565216
100,1,8.0,8,0.06954887218045112,0.06954887218045112,6916.0
101,6,1.8333333333333333,6,0.0401482025719547,0.12476635514018691,6848.833333333333
102,2,40.5,41,0.47096515801123545,0.4812979539641944,11901.5
103,4,14.25,18,0.10602216222894124,0.1478920741989882,11896.75
104,4,5.25,11,0.07004147037496879,0.17528028438610882,9674.0
105,29,24.482758620689655,43,0.1406511878833235,0.2970817580340265,17549.0
106,9,6.444444444444445,11,0.06503969681625489,0.12243237746593451,11043.777777777777
107,2,20.0,26,0.04805724548730331,0.06464066872100024,28986.0
108,1,45.0,45,0.10926640926640926,0.10926640926640926,41440.0
109,1,14.0,14,0.1284631912246975,0.1284631912246975,8843.0
110,2,1.5,2,0.07377314930598032,0.12633912079793128,2273.0
111,1,14.0,14,0.08088201445472541,0.08088201445472541,21723.0
112,1,1.0,1,0.8724778046811945,0.8724778046811945,1239.0
113,27,0.48148148148148145,3,0.03800848671070177,0.9952045556721115,16497.962962962964
114,8,36.5,52,0.3042659161171911,0.5790812433229893,19344.75
115,29,11.172413793103448,21,0.08835568140624725,0.15052278555928192,16018.172413793103
116,6,19.5,35,0.0836529272571604,0.1286783042394015,16830.833333333332
117,3,4.333333333333333,9,0.027250672132338647,0.05718647252231095,8892.333333333334
118,27,0.18518518518518517,1,0.07211664831459393,0.9709008912273167,8807.74074074074
119,1,47.0,47,0.15719098757633185,0.15719098757633185,28494.0
120,1,18.0,18,0.09613120929137565,0.09613120929137565,12743.0
121,1,15.0,15,0.41267080745341617,0.41267080745341617,4025.0
122,1,67.0,67,0.183781143136297,0.183781143136297,30705.0
123,1,1.0,1,0.00873890830868513,0.00873890830868513,7438.0
124,11,4.545454545454546,13,0.03246237686587042,0.13896103896103895,9626.545454545454
125,15,0.06666666666666667,1,0.06306620209059234,0.945993031358885,9528.6
126,1,5.0,5,0.09514228226501868,0.09514228226501868,3479.0
127,5,1.0,3,0.39892961366300556,0.998960498960499,3165.2
128,6,34.833333333333336,50,0.17898439303916736,0.26746611053180397,17081.5
129,2,42.5,48,0.18109452276718363,0.18411755259354423,14549.5
130,2,31.0,37,0.19300648385670902,0.19917054420392474,9077.5
131,4,6.75,9,0.4008111504445452,0.5265654648956357,3240.75
132,1,32.0,32,0.4263411198497476,0.4263411198497476,8519.0
133,2,3.0,6,0.022425969520505514,0.04485193904101103,8755.5
134,1,1.0,1,0.7328584149599288,0.7328584149599288,1123.0
135,2,19.5,32,0.06361177846991495,0.09950040290088638,28480.0
136,1,19.0,19,0.1547629796839729,0.1547629796839729,11075.0
137,1,20.0,20,0.22027199814018367,0.22027199814018367,8603.0
138,2,27.5,28,0.2855675896980687,0.30500405734379227,18890.0
139,1,0.0,0,0.0,0.0,1883.0
140,3,0.6666666666666666,1,0.3319347034596272,0.9892483171278983,13007.333333333334
141,1,1.0,1,0.041357783847054234,0.041357783847054234,2563.0
142,4,8.5,17,0.041605601779657664,0.07412398921832884,18153.0
143,1,5.0,5,0.1251400821815465,0.1251400821815465,2677.0
144,1,27.0,27,0.04612568273212892,0.04612568273212892,33322.0
145,2,3.0,3,0.010676035760584814,0.012229761716900742,11982.5
146,1,9.0,9,0.2209593089338486,0.2209593089338486,4399.0
147,19,5.7894736842105265,11,0.029198710432065813,0.061212015368494584,11633.21052631579
148,1,12.0,12,0.2692825867295386,0.2692825867295386,5938.0
149,10,20.2,35,0.12390619178934537,0.22952386641973835,17067.9
150,5,4.4,8,0.04073717234407725,0.09661175007771215,15084.8
151,1,21.0,21,0.18555039347681807,0.18555039347681807,10547.0
152,2,27.5,31,0.14931067631014044,0.16619533048339363,16456.5
153,28,21.928571428571427,31,0.18141171920657556,0.32292610593953375,12173.892857142857
154,1,14.0,14,0.11994760479041916,0.11994760479041916,10688.0
155,10,14.7,28,0.1557504359062229,0.2914550673437845,10510.6
156,2,57.0,57,0.2518236604646069,0.26173896678272324,20436.5
157,2,5.5,6,0.10813203271875242,0.15776699029126215,4775.5
158,2,13.0,14,0.14277395207398197,0.17441428040163628,8969.0
159,1,4.0,4,0.01892104229409454,0.01892104229409454,15274.0
160,1,16.0,16,0.18188854489164086,0.18188854489164086,12920.0
161,1,15.0,15,0.27270259264286684,0.27270259264286684,7367.0
162,1,19.0,19,0.15343915343915343,0.15343915343915343,7182.0
163,1,2.0,2,0.09569526169092599,0.09569526169092599,3229.0
164,2,64.5,70,0.390341782072605,0.3907367465092519,17552.5
165,1,1.0,1,0.005081804660386713,0.005081804660386713,8068.0
166,1,23.0,23,0.28057281406273676,0.28057281406273676,13198.0
167,3,14.0,21,0.027923794640281736,0.04215264988745652,26720.333333333332
168,1,30.0,30,0.11305032174436369,0.11305032174436369,21601.0
169,1,45.0,45,0.09246105416094923,0.09246105416094923,49556.0
170,1,21.0,21,0.19699976188586396,0.19699976188586396,12599.0
171,1,46.0,46,0.3590424224548985,0.3590424224548985,20343.0
172,1,0.0,0,0.0,0.0,1612.0
173,2,9.5,13,0.04713290065016717,0.06958250497017893,15453.5
174,1,3.0,3,0.019299101233191666,0.019299101233191666,14353.0
175,1,14.0,14,0.1494707385326682,0.1494707385326682,16438.0
176,1,13.0,13,0.04898689885263244,0.04898689885263244,12289.0
177,1,23.0,23,0.07732191163210099,0.07732191163210099,17744.0
178,7,3.4285714285714284,10,0.2768656763807491,0.74375,1872.7142857142858
179,2,25.5,34,0.18535111226082682,0.20290583962000558,16471.5
180,1,26.0,26,0.17749477051802634,0.17749477051802634,16254.0
181,1,19.0,19,0.05103550295857988,0.05103550295857988,21632.0
182,2,3.5,7,0.006550404083368779,0.013100808166737558,22728.0
183,2,4.0,6,0.008295070027113452,0.012842991145787673,20614.0
184,1,52.0,52,0.2723904359404852,0.2723904359404852,17273.0
185,3,5.0,8,0.017612410786847738,0.028217860802396154,14522.0
186,1,4.0,4,0.05730659025787966,0.05730659025787966,7329.0
187,6,11.0,25,0.12469020884915381,0.20328733136920452,6056.833333333333
188,14,8.214285714285714,16,0.02443894707911035,0.052837963578359695,16258.785714285714
189,2,0.5,1,0.48590686274509803,0.9718137254901961,8535.0
190,2,12.0,15,0.20854022904901484,0.21141170683718644,10039.5
191,1,2.0,2,0.5414746543778802,0.5414746543778802,434.0
192,1,2.0,2,0.6394557823129252,0.6394557823129252,441.0
193,1,24.0,24,0.12216298552932216,0.12216298552932216,19695.0
194,1,19.0,19,0.10602527917535894,0.10602527917535894,16298.0
195,10,6.7,11,0.08176590916390306,0.1541363761847796,10736.8
196,1,27.0,27,0.2843969401655664,0.2843969401655664,19086.0
197,2,13.5,18,0.06667220087440912,0.09067879181552452,15268.0
198,1,1.0,1,0.8987531172069826,0.8987531172069826,2005.0
199,1,17.0,17,0.31178045515394914,0.31178045515394914,7470.0
200,1,3.0,3,0.004121895367271446,0.004121895367271446,28385.0
201,3,6.0,9,0.01912710820244692,0.030165698909502905,14760.666666666666
202,1,10.0,10,0.043185486114975795,0.043185486114975795,17969.0
203,2,18.5,29,0.13562759285898054,0.18764098708045662,14287.0
204,16,19.6875,32,0.10242402009271533,0.23843626253264807,12598.6875
205,3,32.666666666666664,43,0.08327348597787455,0.12438055453167875,25061.666666666668
206,26,23.192307692307693,29,0.13529120774889808,0.2610830810628994,15573.884615384615
207,2,4.5,9,0.03399461668826637,0.06798923337653275,8945.0
208,6,19.0,30,0.14652316471686644,0.18839888214845613,12059.0
209,1,66.0,66,0.20201544205604088,0.20201544205604088,27587.0
210,2,0.5,1,0.4660377358490566,0.9320754716981132,2865.5
211,5,12.4,24,0.06684727195851738,0.12066067806432917,18731.8
212,15,10.866666666666667,20,0.1391067493381177,0.2719462495869589,10615.933333333332
213,1,36.0,36,0.2691650042747221,0.2691650042747221,14036.0
214,5,4.2,9,0.21991146051236962,0.9845577555232781,14120.6
215,1,5.0,5,0.012306123935046967,0.012306123935046967,13733.0
216,1,9.0,9,0.21694022917311861,0.21694022917311861,6458.0
217,1,24.0,24,0.18181051210663968,0.18181051210663968,11853.0
218,2,2.0,3,0.8710534515307213,0.9404011461318051,1576.0
219,24,3.5833333333333335,9,0.28742493178945955,0.998274374460742,5159.625
220,6,34.833333333333336,43,0.35331653607484936,0.6081801225686118,8805.0
221,8,40.875,52,0.41208559337289874,0.4767969434052376,11923.875
222,4,13.75,21,0.09313987041129637,0.16774446404076035,11964.25
223,1,0.0,0,0.0,0.0,21068.0
224,8,43.25,58,0.15229712215471253,0.19934205047055883,22677.75
225,7,28.0,41,0.08518475887128218,0.14213109618129285,29236.85714285714
226,2,26.5,27,0.20220150577373008,0.2579189773474951,11050.5
227,15,13.8,27,0.1763286623884165,0.31437817845584837,11537.0
228,1,11.0,11,0.1585275244849713,0.1585275244849713,14805.0
229,2,2.5,4,0.5903012820149887,0.9800261951538966,3262.0
230,9,11.11111111111111,16,0.06385909705665338,0.1295086087721503,16512.222222222223
231,1,0.0,0,0.0,0.0,30567.0
232,3,12.666666666666666,20,0.20377021046592977,0.3571099861942016,6862.666666666667
233,2,7.5,13,0.06094420698147185,0.10963302752293579,9419.0
234,2,10.5,20,0.09651958827420001,0.16400558053015035,11273.0
235,1,0.0,0,0.0,0.0,23180.0
236,2,49.5,67,0.17336859740566318,0.2333711780135458,25928.0
237,7,12.428571428571429,24,0.048114428796005006,0.08886657462030878,14608.42857142857
238,1,16.0,16,0.07600456161534849,0.07600456161534849,14907.0
239,1,8.0,8,0.037797513321492004,0.037797513321492004,14075.0
240,1,0.0,0,0.0,0.0,27715.0
241,2,0.5,1,0.4891640866873065,0.978328173374613,4487.0
242,1,1.0,1,0.9930735930735931,0.9930735930735931,1155.0
243,1,21.0,21,0.3293217391304348,0.3293217391304348,14375.0
244,7,1.4285714285714286,4,0.00670975003671116,0.018899291276577128,11291.142857142857
245,1,5.0,5,0.035435376805935184,0.035435376805935184,10244.0
246,16,4.8125,10,0.07018360129498558,0.16941039112667836,9559.375
247,13,26.384615384615383,38,0.3346173069809216,0.4285422412912453,10258.615384615385
248,1,22.0,22,0.18576135463152188,0.18576135463152188,23977.0
249,1,4.0,4,0.018371783184909896,0.018371783184909896,14261.0
250,1,16.0,16,0.1281087142951382,0.1281087142951382,15159.0
251,2,40.0,48,0.3450728116866869,0.38776611694152924,17394.0
252,15,10.666666666666666,19,0.06538053458215505,0.17400216363946933,17793.533333333333
253,1,3.0,3,0.024097768087669974,0.024097768087669974,17429.0
254,2,6.0,7,0.35162996393895346,0.47616173808086903,1740.0
255,1,50.0,50,0.24601928683561336,0.24601928683561336,13377.0
256,12,4.0,9,0.03734330756089314,0.08505315822388994,7987.75
257,12,15.75,22,0.13349534074280697,0.2060061208875287,11715.333333333334
258,4,11.75,15,0.06549507267240388,0.08966719953495131,14341.0
259,2,13.5,20,0.18938845461063603,0.22129391602399315,9078.0
260,1,12.0,12,0.01131694327755205,0.01131694327755205,43563.0
261,1,9.0,9,0.056578638037771335,0.056578638037771335,12761.0
262,1,44.0,44,0.2177435689690095,0.2177435689690095,14811.0
263,3,0.6666666666666666,1,0.012315953576996363,0.02390438247011952,2274.3333333333335
264,5,14.2,18,0.09062389679054099,0.16638176638176638,15566.8
265,1,34.0,34,0.2087227414330218,0.2087227414330218,12198.0
266,7,4.714285714285714,8,0.01567162493733146,0.02203070947381198,17381.428571428572
267,21,15.0,28,0.14973719458219178,0.23899284534947715,16982.380952380954
268,1,8.0,8,0.21144708423326133,0.21144708423326133,4630.0
269,5,14.0,19,0.09591135922333463,0.17110525802360746,10551.2
270,1,8.0,8,0.07803543512245961,0.07803543512245961,7676.0
271,9,28.88888888888889,54,0.20052813354403667,0.3300411522633745,14911.222222222223
272,1,3.0,3,0.1267416934619507,0.1267416934619507,3732.0
273,4,5.25,8,0.128119655240255,0.41345480028030834,4945.0
274,1,68.0,68,0.34076352816581773,0.34076352816581773,19829.0
275,3,29.666666666666668,38,0.22735580403365516,0.28089455886873654,13384.333333333334
276,1,9.0,9,0.12154675727581622,0.12154675727581622,27076.0
277,1,4.0,4,0.026931200965600484,0.026931200965600484,13256.0
278,2,11.5,15,0.18882953186550494,0.25539860366942685,5840.0
279,4,4.0,6,0.028092151995472353,0.041769304915925884,9023.25
280,1,18.0,18,0.3203595353175613,0.3203595353175613,11793.0
281,10,22.3,30,0.06399034959813997,0.09570753001091306,25903.1
282,1,7.0,7,0.2522202486678508,0.2522202486678508,1126.0
283,5,20.6,29,0.21365031335131004,0.3483167681949343,12063.6
284,9,7.555555555555555,15,0.03808384564059614,0.06322355850286614,17242.333333333332
285,5,18.0,22,0.1520544147142032,0.2492428831011508,13279.4
286,6,16.0,24,0.4973098946927454,0.6370745170193193,4241.166666666667
287,2,26.0,34,0.032940710337786526,0.04118895007673558,44347.0
288,1,4.0,4,0.014810082471831803,0.014810082471831803,17218.0
289,2,18.5,28,0.07420079101931117,0.1153447540084131,16278.5
290,3,10.333333333333334,21,0.14021761862901091,0.36170427074939565,9585.666666666666
291,3,23.666666666666668,30,0.18869562044719093,0.22066476996738602,15541.333333333334
292,23,33.69565217391305,50,0.20339382822594085,0.32536186280679674,13760.260869565218
293,1,2.0,2,0.07854150799695354,0.07854150799695354,10504.0
294,8,57.625,66,0.13366834413384335,0.1591770652345601,26187.5
295,1,6.0,6,0.14264276781992496,0.14264276781992496,11995.0
296,12,0.75,3,0.005589986253994473,0.0224027572624323,5164.083333333333
297,23,25.17391304347826,37,0.14284661763368522,0.19964973730297722,16251.434782608696
298,3,2.6666666666666665,7,0.007136670623119407,0.01776461880088823,18968.666666666668
299,3,2.0,5,0.003006771421370196,0.007997728455823198,22303.0
300,7,66.71428571428571,77,0.23041249836809724,0.27567234264573354,24277.14285714286
301,2,14.5,16,0.07975941293889267,0.09226530475102479,14540.5
302,2,41.5,47,0.20545319477106358,0.2733746538309376,15657.5
303,1,17.0,17,0.07417154519576777,0.07417154519576777,18619.0
304,6,29.666666666666668,32,0.3094584198703781,0.471633726716906,9078.5
305,1,36.0,36,0.27144351464435146,0.27144351464435146,11472.0
306,1,25.0,25,0.1042519032575483,0.1042519032575483,19309.0
307,4,2.75,5,0.03225673675147132,0.07164814376921258,5554.0
308,3,10.666666666666666,15,0.1026851803741589,0.1685506661283811,9247.666666666666
309,1,2.0,2,0.9157218442932729,0.9157218442932729,2646.0
310,3,3.6666666666666665,5,0.2418720965377296,0.2620952735392631,10978.333333333334
311,3,18.666666666666668,25,0.15770037113608582,0.19226957383548068,10382.666666666666
312,2,10.0,11,0.15033456461107242,0.2335466929263089,6264.5
313,22,31.5,42,0.27271886323159594,0.35429801630016916,19923.0
314,1,27.0,27,0.14609356447399668,0.14609356447399668,21055.0
315,1,4.0,4,0.011339919298733825,0.011339919298733825,14374.0
316,2,0.5,1,0.45211640211640214,0.9042328042328043,2654.5
317,1,0.0,0,0.0,0.0,9998.0
318,14,5.214285714285714,10,0.11804644786344502,0.3336603310852238,11687.642857142857
319,1,26.0,26,0.20369290573372206,0.20369290573372206,10290.0
320,1,0.0,0,0.0,0.0,4944.0
321,1,32.0,32,0.20140523095542257,0.20140523095542257,29746.0
322,2,21.5,24,0.48225551574102754,0.579250720461095,7861.5
323,1,26.0,26,0.13962666666666668,0.13962666666666668,18750.0
324,4,1.5,3,0.005700635868816377,0.010432080497188518,12809.25
325,5,30.0,37,0.20392373661208793,0.2654193752972887,14276.0
326,7,11.0,15,0.13661079867136597,0.23687188773200543,7981.857142857143
327,10,17.6,38,0.4671690452210432,0.7941176470588235,7978.2
328,1,24.0,24,0.09028173022196927,0.09028173022196927,14056.0
329,9,17.22222222222222,22,0.08068217903264206,0.1413427561837456,15042.555555555555
330,1,21.0,21,0.19415665147119768,0.19415665147119768,9652.0
331,1,1.0,1,0.07619477006311992,0.07619477006311992,11090.0
332,2,1.0,2,0.014466904478795084,0.02893380895759017,2397.5
333,9,11.88888888888889,22,0.12689973115051084,0.2544962080173348,9456.555555555555
334,1,25.0,25,0.17226301460275556,0.17226301460275556,12121.0
335,3,18.0,23,0.12075804221411052,0.15451198243007558,15212.666666666666
336,1,28.0,28,0.1937224943950843,0.1937224943950843,12043.0
337,4,10.25,15,0.05246678695061351,0.06825801260560548,13997.5
338,1,23.0,23,0.45409950946040645,0.45409950946040645,5708.0
339,1,3.0,3,0.09385201305767138,0.09385201305767138,3676.0
340,1,0.0,0,0.0,0.0,3975.0
341,1,2.0,2,0.0061312078479460455,0.0061312078479460455,11417.0
342,1,16.0,16,0.1055909617612978,0.1055909617612978,13808.0
343,3,5.333333333333333,8,0.02667058176134569,0.030305654169192137,11069.333333333334
344,1,1.0,1,0.08240946045824095,0.08240946045824095,10824.0
345,12,1.9166666666666667,7,0.052175914258059924,0.27518796992481204,4205.0
346,2,8.5,10,0.011134054016311982,0.011932858371749344,45890.0
347,1,6.0,6,0.037425457536500104,0.037425457536500104,9726.0
348,1,3.0,3,0.018332826901650966,0.018332826901650966,9873.0
349,1,23.0,23,0.09801124444071495,0.09801124444071495,11917.0
350,11,4.7272727272727275,14,0.02256235313964983,0.05800858786356639,13454.363636363636
351,2,34.5,37,0.17027323596789734,0.17851651167899246,15006.0
352,4,16.75,23,0.07819420554522431,0.12199893295393918,13224.5
353,14,8.071428571428571,15,0.06397606909869279,0.16866685273048657,12582.0
354,1,16.0,16,0.13685035257247324,0.13685035257247324,7658.0
355,7,20.285714285714285,39,0.23911341344809098,0.4559467654986523,10120.42857142857
356,1,78.0,78,0.38229891724671305,0.38229891724671305,20688.0
357,1,2.0,2,0.7211668928086838,0.7211668928086838,1474.0
358,6,29.5,34,0.1973434945895837,0.25023938716884775,17367.833333333332
359,9,23.22222222222222,36,0.3229281373062754,0.6020316253002402,16997.333333333332
360,6,5.0,8,0.0679145803818408,0.11842278781484901,8179.333333333333
361,2,9.0,10,0.04092093669545435,0.05562995776243947,12960.5
362,2,9.5,10,0.1090944662477802,0.1326337519353174,11739.0
363,1,7.0,7,0.03897944720056697,0.03897944720056697,12699.0
364,11,20.454545454545453,37,0.11141782982092147,0.2290214143426295,15728.636363636364
365,18,48.05555555555556,67,0.22851282915737764,0.30758126337796804,20760.333333333332
366,1,2.0,2,0.05816959669079628,0.05816959669079628,3868.0
367,2,28.0,32,0.22588304668146109,0.2664148228098579,16366.5
368,1,4.0,4,0.1105969458583989,0.1105969458583989,10805.0
369,1,23.0,23,0.09393088931766357,0.09393088931766357,22804.0
370,5,12.8,14,0.07925303355136828,0.11508926857362257,12032.4
371,5,28.0,32,0.21953384607262919,0.27033855482566954,12971.8
372,4,5.25,8,0.58730362629886,0.7875882946518667,1839.25
373,1,16.0,16,0.13876967095851217,0.13876967095851217,9786.0
374,1,4.0,4,0.024697110904007457,0.024697110904007457,10730.0
375,1,25.0,25,0.4982048574445618,0.4982048574445618,4735.0
376,1,34.0,34,0.21458983820607436,0.21458983820607436,14092.0
377,1,5.0,5,0.03002018163471241,0.03002018163471241,7928.0
378,2,7.0,10,0.15976781193524558,0.2015863331299573,8574.0
379,1,6.0,6,0.023634750342824876,0.023634750342824876,12397.0
380,5,28.4,43,0.1753853701242975,0.2798553536778973,10277.0
381,1,5.0,5,0.6800966962127317,0.6800966962127317,1241.0
382,10,7.3,17,0.433222783276744,0.5464743589743589,1581.4
383,18,22.61111111111111,30,0.1655217827123509,0.2635596264367816,12927.111111111111
384,6,5.0,7,0.23399256796278123,0.33498002943031324,12521.333333333334
385,1,9.0,9,0.18584286061785454,0.18584286061785454,4111.0
386,17,12.117647058823529,21,0.1411706399243204,0.22690183278935475,15597.235294117647
387,3,23.333333333333332,28,0.321275459368818,0.38164124145186745,13058.333333333334
388,1,15.0,15,0.16906345497033975,0.16906345497033975,11126.0
389,1,5.0,5,0.027310574521232308,0.027310574521232308,12010.0
390,1,7.0,7,0.03466397170288024,0.03466397170288024,9895.0
391,1,20.0,20,0.33881493082746017,0.33881493082746017,7662.0
392,2,2.5,3,0.0467535878892863,0.04904112203034062,10896.5
393,1,9.0,9,0.1447680690399137,0.1447680690399137,9270.0
394,17,23.823529411764707,38,0.15995920699664146,0.3133052306596212,18455.529411764706
395,16,19.1875,30,0.21388064672987125,0.31316614420062694,9528.125
396,2,6.5,9,0.012193913339340343,0.017498833411105925,18152.5
397,1,5.0,5,0.01762518711671254,0.01762518711671254,20709.0
398,1,4.0,4,0.5747724317295189,0.5747724317295189,769.0
399,2,5.0,7,0.02279138076838428,0.02418036313570261,11814.5
400,1,5.0,5,0.041378515444905485,0.041378515444905485,8676.0
401,2,25.5,28,0.14950216761902269,0.1630394229573436,9834.5
402,2,15.5,19,0.07235888195480626,0.07343861701436277,17493.0
403,10,11.9,15,0.11031663374601104,0.14391091566777786,12853.6
404,1,15.0,15,0.10847671002937474,0.10847671002937474,9532.0
405,2,6.5,8,0.11170077213612331,0.18223180076628354,5148.5
406,2,10.0,13,0.04937545809719972,0.06701813957644535,12780.5
407,2,30.0,31,0.37869352505743215,0.4440993788819876,6870.0
408,16,1.1875,3,0.016128678338557394,0.07197161682716675,11374.8125
409,3,44.333333333333336,51,0.17222936296794278,0.21709811730629977,22417.666666666668
410,17,9.764705882352942,14,0.11949046747295722,0.19796904268953958,10582.176470588236
411,10,39.5,52,0.14241056052087242,0.20101369187990567,28957.1
412,1,2.0,2,0.024800979791794242,0.024800979791794242,3266.0
413,1,20.0,20,0.16586933771864254,0.16586933771864254,13378.0
414,6,18.166666666666668,23,0.497944228223793,0.5808985234055922,3402.6666666666665
415,1,19.0,19,0.25968517296634935,0.25968517296634935,10609.0
416,14,3.142857142857143,7,0.015677868080381737,0.044556856766682834,13193.0
417,5,13.4,17,0.11074365005142561,0.1658878504672897,9901.2
418,1,2.0,2,0.004760015866719556,0.004760015866719556,15126.0
419,1,23.0,23,0.3206694560669456,0.3206694560669456,5975.0
420,4,23.0,31,0.10191625794568998,0.17397891164707308,16377.75
421,1,4.0,4,0.04182135837519109,0.04182135837519109,9158.0
422,2,1.0,2,0.007555282555282555,0.01511056511056511,16006.5
423,4,28.25,34,0.13317845233262496,0.24013312083997376,24802.75
424,12,11.083333333333334,19,0.08235027797652741,0.15588406278548295,16308.416666666666
425,11,16.272727272727273,28,0.06562764964019627,0.12781199785752545,16185.545454545454
426,3,26.0,32,0.10550043103180408,0.15438297872340426,16895.666666666668
427,1,20.0,20,0.26612217117577,0.26612217117577,5877.0
428,1,0.0,0,0.0,0.0,2249.0
429,16,14.5625,24,0.16987047694138427,0.32768826044064453,12044.125
430,1,21.0,21,0.20798957881024752,0.20798957881024752,11515.0
431,1,16.0,16,0.05888258918025041,0.05888258918025041,16932.0
432,4,26.75,38,0.19423891125589365,0.2572616847108529,15179.25
433,1,14.0,14,0.060082530949105914,0.060082530949105914,18175.0
434,2,19.0,24,0.15465511730523954,0.16344687341128622,7403.0
435,7,23.714285714285715,30,0.3130816602765923,0.39956925867150306,8319.714285714286
436,3,6.333333333333333,9,0.12316182232549333,0.16964583102031752,10322.0
437,6,15.833333333333334,20,0.2908201696815985,0.3785325053858827,8197.0
438,1,3.0,3,0.7083333333333334,0.7083333333333334,888.0
439,1,17.0,17,0.02101352528008359,0.02101352528008359,34454.0
440,16,7.875,16,0.05140939067538319,0.14282767866350418,10055.6875
441,14,58.857142857142854,71,0.21413460252922964,0.27744399622350013,24522.071428571428
442,2,4.5,5,0.01495076306055616,0.020443056794528694,14232.5
443,1,11.0,11,0.04372372867386467,0.04372372867386467,24266.0
444,14,33.357142857142854,44,0.13826879438469664,0.22773859378443906,19470.5
445,1,8.0,8,0.029655033286261852,0.029655033286261852,9914.0
446,1,26.0,26,0.10232362084409084,0.10232362084409084,18979.0
447,1,18.0,18,0.07975994820459187,0.07975994820459187,40158.0
448,10,5.7,16,0.039054956048989606,0.073190857331463,11345.1
449,2,3.5,5,0.06060908547907496,0.07655038759689922,3855.0
450,2,77.0,79,0.39516758035142513,0.41300249656086,20772.0
451,1,2.0,2,0.039936102236421724,0.039936102236421724,2504.0
452,1,16.0,16,0.16304430140098447,0.16304430140098447,13205.0
453,2,26.0,28,0.2936653284715199,0.29926514697060586,12835.0
454,1,19.0,19,0.1883364353452096,0.1883364353452096,11283.0
455,1,2.0,2,0.00589114569594654,0.00589114569594654,22746.0
456,2,0.5,1,0.4882277568671418,0.9764555137342836,10426.0
457,15,71.8,86,0.13046121697366397,0.16490905750505236,29563.4
458,2,13.0,14,0.02834836424964838,0.028861388258467863,20604.0
459,1,5.0,5,0.38490007401924503,0.38490007401924503,1351.0
460,1,36.0,36,0.14240919780506925,0.14240919780506925,19135.0
461,7,1.8571428571428572,4,0.011484501381782423,0.019485530546623796,16615.714285714286
462,1,22.0,22,0.12443186051710006,0.12443186051710006,13421.0
463,1,16.0,16,0.23404255319148937,0.23404255319148937,10058.0
464,1,4.0,4,0.06742738589211618,0.06742738589211618,2892.0
465,1,10.0,10,0.1071460755159052,0.1071460755159052,11097.0
466,2,2.0,3,0.01206164933066584,0.01445736683158774,13678.5
467,2,15.0,17,0.14819129697585356,0.16338198695096523,14847.0
468,1,7.0,7,0.03574966231427285,0.03574966231427285,11105.0
469,1,13.0,13,0.13954735600128715,0.13954735600128715,9323.0
470,1,28.0,28,0.2510293809756438,0.2510293809756438,14329.0
471,2,41.0,45,0.33020316635342095,0.3719050025265285,10022.0
472,15,7.8,14,0.18876758597573146,0.9176262178919398,6838.066666666667
473,11,8.272727272727273,17,0.20407320140074955,0.5291738879260544,4015.2727272727275
474,1,22.0,22,0.24463752375780615,0.24463752375780615,14732.0
475,4,36.0,45,0.1462982735209897,0.23788847148363176,24030.0
476,1,26.0,26,0.25748589613771156,0.25748589613771156,13826.0
477,3,7.666666666666667,9,0.08376216206516147,0.09910168195718655,21553.333333333332
478,6,8.833333333333334,16,0.04659747929261232,0.08366601068315997,17601.666666666668
479,4,23.5,38,0.20297207300513248,0.35628019323671495,12290.5
480,6,17.5,24,0.07648897725428709,0.0896877492178394,16991.666666666668
481,1,26.0,26,0.2686786897313213,0.2686786897313213,8151.0
482,1,10.0,10,0.3147735708982925,0.3147735708982925,2694.0
483,10,9.1,16,0.10692180344481698,0.20473448496481125,8579.9
484,1,0.0,0,0.0,0.0,2259.0
485,2,41.5,44,0.14176361983885516,0.14344278296177723,25120.5
486,1,12.0,12,0.021638718746862136,0.021638718746862136,19918.0
487,1,66.0,66,0.1509580806183243,0.1509580806183243,37262.0
488,1,15.0,15,0.0869484954772014,0.0869484954772014,10834.0
489,4,55.25,75,0.25908242375394197,0.3798146364949446,15990.75
490,3,5.333333333333333,8,0.28641670646340617,0.6770375380453162,2789.3333333333335
491,14,22.428571428571427,43,0.24952421767694757,0.4609375,10196.5
492,1,2.0,2,0.31837307152875177,0.31837307152875177,713.0
493,6,43.166666666666664,50,0.4204913754733182,0.46119150535613607,12630.0
494,2,6.0,6,0.6700961945745523,0.6961245925389352,2855.5
495,6,31.5,38,0.2536536651432426,0.3746086956521739,15981.666666666666
496,8,7.125,15,0.0902756587031315,0.1820115086314736,8620.375
497,8,20.5,35,0.06559284700739894,0.10980714313656456,26507.0
498,2,2.5,4,0.3632190116122063,0.5714285714285714,544.5
499,1,8.0,8,0.10626702997275204,0.10626702997275204,3670.0
500,2,21.0,25,0.1937594673649622,0.23771604379694145,10472.0
501,12,12.083333333333334,20,0.042075911804823375,0.06608942704457824,15254.75
502,3,6.333333333333333,8,0.055187421993563884,0.0675888961099248,10635.666666666666
503,2,0.0,0,0.0,0.0,1238.5
504,3,23.666666666666668,27,0.025673349046099775,0.03728050628398253,47521.333333333336
505,1,9.0,9,0.08390968266883646,0.08390968266883646,9832.0
506,1,19.0,19,0.1425339366515837,0.1425339366515837,7514.0
507,1,7.0,7,0.030313786738605707,0.030313786738605707,14086.0
508,1,7.0,7,0.05130057803468208,0.05130057803468208,11072.0
509,3,30.333333333333332,37,0.13496878644536395,0.15893646499967012,15983.666666666666
510,6,1.8333333333333333,4,0.00935880255949483,0.016065409165889694,12083.5
511,5,5.0,6,0.04939457739508115,0.08074452746100406,8808.8
512,2,58.5,59,0.24465829478887333,0.25748947759346374,23569.5
513,6,7.666666666666667,10,0.15904593144741233,0.24523809523809523,4091.6666666666665
514,1,2.0,2,0.814278822961891,0.814278822961891,2073.0
515,1,18.0,18,0.34996658498552013,0.34996658498552013,13467.0
516,1,12.0,12,0.2690286159236909,0.2690286159236909,5137.0
517,1,1.0,1,0.5820224719101124,0.5820224719101124,445.0
518,1,1.0,1,0.47139588100686497,0.47139588100686497,437.0
519,2,25.0,27,0.19662257651913567,0.2251086841268158,15941.5
520,5,26.8,30,0.21405702435652732,0.29643222942983954,12528.6
521,3,9.666666666666666,11,0.04083578323733955,0.04696291193018716,15618.666666666666
522,3,13.0,17,0.15188846200265801,0.2002868558549329,9345.0
523,2,10.5,11,0.21316139938516918,0.23350670681631536,3566.5
524,1,8.0,8,0.1770573566084788,0.1770573566084788,3208.0
525,1,14.0,14,0.0600227420402859,0.0600227420402859,12312.0
526,12,6.083333333333333,9,0.04754956979475635,0.08182620202911337,9104.75
527,2,27.0,28,0.09569155995262957,0.10530942334739803,23737.5
528,11,11.818181818181818,15,0.0644249021889191,0.11491655076495132,14538.727272727272
529,1,30.0,30,0.19710569701410516,0.19710569701410516,16377.0
530,1,24.0,24,0.03776017682814515,0.03776017682814515,32574.0
531,10,0.3,2,0.0008653472588375681,0.004697776385844034,10613.9
532,1,11.0,11,0.09945370500070037,0.09945370500070037,7139.0
533,2,14.5,16,0.09019280576526581,0.09732620320855614,11379.0
534,1,30.0,30,0.083734158685014,0.083734158685014,23909.0
535,1,5.0,5,0.03659132559560171,0.03659132559560171,16370.0
536,11,30.90909090909091,37,0.18372876829944476,0.2745835903763109,16516.090909090908
537,1,15.0,15,0.056280882175712046,0.056280882175712046,24893.0
538,1,0.0,0,0.0,0.0,8706.0
539,1,2.0,2,0.014009005789436067,0.014009005789436067,13991.0
540,1,9.0,9,0.04011961126339397,0.04011961126339397,20065.0
541,1,35.0,35,0.2745063777738948,0.2745063777738948,17169.0
542,2,24.0,26,0.2071967324565806,0.23139193351959308,14162.5
543,3,4.0,5,0.18890698478109702,0.336359292881032,3926.0
544,1,22.0,22,0.15106290672451192,0.15106290672451192,23050.0
545,10,4.8,7,0.11665573579330162,0.1475307541451239,12591.5
546,1,0.0,0,0.0,0.0,9873.0
547,9,16.22222222222222,25,0.10119342824466236,0.13310669456066945,10216.888888888889
548,1,0.0,0,0.0,0.0,2823.0
549,8,6.875,22,0.08654557392598874,0.20939930125098613,7338.625
550,1,8.0,8,0.5236987496365223,0.5236987496365223,3439.0
551,11,22.0,28,0.2168408547006935,0.2698244181298489,12601.636363636364
552,1,22.0,22,0.11355286887983435,0.11355286887983435,14971.0
553,1,92.0,92,0.20795154049566447,0.20795154049566447,32522.0
554,2,17.0,18,0.21375627409401718,0.3098490294751977,14102.5
555,11,10.636363636363637,18,0.07314579119962449,0.10684281408324248,15262.363636363636
556,9,1.6666666666666667,7,0.01358677656424348,0.058132427843803056,13597.888888888889
557,3,1.3333333333333333,2,0.10435593946478616,0.19160104986876642,1421.0
558,6,65.33333333333333,77,0.21523335322867707,0.25245887557445346,22379.0
559,1,44.0,44,0.2891526541378173,0.2891526541378173,15165.0
560,2,4.0,5,0.1823012526864516,0.2505800464037123,3029.5
561,4,8.0,11,0.3991681523994816,0.6090414399330264,2561.25
562,2,34.5,36,0.3917664395525018,0.4099569063279655,7788.5
563,1,3.0,3,0.1723177957027625,0.1723177957027625,14009.0
564,1,16.0,16,0.09717257068573286,0.09717257068573286,9231.0
565,2,39.0,40,0.14766776780552582,0.15919027632039173,25590.0
566,2,23.5,26,0.5290948379743791,0.5473356528108405,6577.0
567,2,33.5,36,0.3498077970884918,0.3499291003623759,12248.0
568,1,12.0,12,0.13999721951897678,0.13999721951897678,7193.0
569,7,0.14285714285714285,1,0.13791311925990482,0.9653918348193337,9173.142857142857
570,4,17.75,22,0.42788729250576096,0.6733643307871139,5355.75
571,1,30.0,30,0.3184889142639642,0.3184889142639642,10509.0
572,2,9.5,12,0.06949957582445368,0.08669656203288491,8602.5
573,4,22.0,39,0.06419890812342285,0.11415548240060774,16847.5
574,1,3.0,3,0.14748753356348293,0.14748753356348293,10428.0
575,2,5.5,7,0.07156672381792789,0.09834788029925187,6367.5
576,10,13.3,17,0.1060878648902516,0.17660849179473823,12929.3
577,1,0.0,0,0.0,0.0,1329.0
578,1,13.0,13,0.035619264809686704,0.035619264809686704,18417.0
579,1,27.0,27,0.05281549962401026,0.05281549962401026,22607.0
580,3,7.666666666666667,10,0.043871591607558484,0.06891271056661562,9459.0
581,9,21.88888888888889,30,0.10899590634733863,0.1558061821219716,14446.222222222223
582,2,18.5,19,0.14109257587010846,0.17880962431405656,12084.5
583,3,18.666666666666668,20,0.10396678390609067,0.11814229521772135,13458.333333333334
584,1,0.0,0,0.0,0.0,6433.0
585,1,25.0,25,0.13036684782608696,0.13036684782608696,14720.0
586,4,13.0,16,0.1699911990622169,0.22514438027543315,12094.75
587,1,15.0,15,0.234105309154468,0.234105309154468,9154.0
588,2,42.0,53,0.21172734809088672,0.2160569105691057,17923.5
589,2,48.5,49,0.22746872150255232,0.2352701601954928,14128.5
590,9,41.666666666666664,48,0.44890171149984276,0.5336918696614995,9567.555555555555
591,2,12.0,17,0.10885528094143349,0.14345665378244063,8749.5
592,1,26.0,26,0.13448405253283302,0.13448405253283302,26650.0
593,8,13.0,21,0.24207310546818214,0.6676411063638408,17274.125
594,7,10.285714285714286,15,0.18216736601065545,0.24762282091917592,5457.142857142857
595,2,8.0,10,0.21535863507089698,0.2296863423067424,4061.5
596,8,10.875,16,0.04783735898950693,0.07448820649755229,20058.25
597,7,6.142857142857143,12,0.031636781754910616,0.05032363153157015,22340.14285714286
598,1,29.0,29,0.17839246341952295,0.17839246341952295,9978.0
599,9,5.111111111111111,9,0.03819258156773559,0.07187318449663872,12183.666666666666
600,2,28.0,30,0.3455451958583533,0.36476998847322645,9334.5
601,2,1.5,3,0.41037735849056606,0.8207547169811321,1549.0
602,2,8.5,11,0.2129977545690191,0.283808150018031,11091.5
603,2,20.5,21,0.24142013733033796,0.28338368580060425,8186.0
604,7,2.2857142857142856,5,0.02267374542736997,0.04815891472868217,13469.0
605,9,9.777777777777779,19,0.15506067630081855,0.35820680722458087,15320.777777777777
606,1,17.0,17,0.33353795784735013,0.33353795784735013,4887.0
607,1,29.0,29,0.12340004242981402,0.12340004242981402,14141.0
608,2,18.5,19,0.11583992228329992,0.12076188348321511,17868.0
609,1,7.0,7,0.1338763575605681,0.1338763575605681,4788.0
610,1,9.0,9,0.14142622215577813,0.14142622215577813,6689.0
611,1,0.0,0,0.0,0.0,8264.0
612,1,2.0,2,0.10063703385584424,0.10063703385584424,13971.0
613,1,2.0,2,0.5980952380952381,0.5980952380952381,525.0
614,5,33.2,43,0.14551046609465937,0.2507947721653126,24622.2
615,2,1.5,2,0.5077269900497512,0.5229166666666667,407.5
616,8,19.25,23,0.1627388577371648,0.19970355731225298,10036.5
617,2,3.5,4,0.08803497029334899,0.08834772759450658,6541.0
618,2,1.5,2,0.5795548693228891,0.6056338028169014,400.0
619,2,2.0,2,0.5576208178438662,0.5836431226765799,538.0
620,2,43.5,45,0.17374485504108675,0.21121611636137363,26234.0
621,1,14.0,14,0.42885731438863317,0.42885731438863317,4997.0
622,1,5.0,5,0.059393939393939395,0.059393939393939395,4125.0
623,1,18.0,18,0.20060958714325297,0.20060958714325297,7218.0
624,2,0.0,0,0.0,0.0,4457.0
625,8,11.125,18,0.058569661981802565,0.1200110673030366,15981.125
626,2,21.5,24,0.3672167084433957,0.4104329560042012,8624.0
627,1,3.0,3,0.011675090766711754,0.011675090766711754,14047.0
628,7,19.714285714285715,27,0.22311078771197496,0.3001162597575154,7380.428571428572
629,4,13.25,15,0.12809866677426712,0.1821208263977284,9760.75
630,3,14.666666666666666,23,0.10150218316881261,0.19794963533782853,14049.666666666666
631,2,13.0,13,0.2506614277243002,0.2998646820027064,4453.5
632,1,14.0,14,0.08710801393728224,0.08710801393728224,16933.0
633,7,2.4285714285714284,5,0.03397126102410238,0.06981519507186858,6180.571428571428
634,1,40.0,40,0.10722825858958762,0.10722825858958762,23837.0
635,5,8.2,11,0.11064484767673118,0.1413766707884355,17713.4
636,7,11.428571428571429,19,0.009418202272262501,0.017333809864188705,54806.71428571428
637,1,25.0,25,0.1089286783639739,0.1089286783639739,16699.0
638,4,6.75,14,0.04388719478654122,0.0681275956525581,12513.5
639,1,7.0,7,0.03397807199007034,0.03397807199007034,19336.0
640,1,19.0,19,0.088139281828074,0.088139281828074,16542.0
641,1,5.0,5,0.5109649122807017,0.5109649122807017,912.0
642,7,8.571428571428571,12,0.08174580748802071,0.10859089398471253,12619.0
643,1,40.0,40,0.2955185502632546,0.2955185502632546,16334.0
644,1,60.0,60,0.18192816896539804,0.18192816896539804,28929.0
645,8,28.25,35,0.19450224281720827,0.22753881394756936,10121.75
646,5,4.6,9,0.13245508040100867,0.23829787234042554,2266.8
647,1,18.0,18,0.36788973014948556,0.36788973014948556,5151.0
648,1,14.0,14,0.2254183377126262,0.2254183377126262,7231.0
649,2,11.0,13,0.05847096778827077,0.07266644362663098,16416.5
650,1,2.0,2,0.005945620949963258,0.005945620949963258,14969.0
651,1,22.0,22,0.27273580478648524,0.27273580478648524,10655.0
652,1,5.0,5,0.6185185185185185,0.6185185185185185,1080.0
653,1,6.0,6,0.16123907863383638,0.16123907863383638,3777.0
654,2,1.5,2,0.47745283198840116,0.5425742574257426,512.0
655,3,1.3333333333333333,2,0.5452127407224996,0.6009615384615384,462.3333333333333
656,1,1.0,1,0.6061776061776062,0.6061776061776062,518.0
657,1,1.0,1,0.5098389982110912,0.5098389982110912,559.0
658,1,3.0,3,0.54,0.54,450.0
659,3,24.666666666666668,36,0.33582026980840385,0.4337727558066541,10686.333333333334
660,2,1.5,2,0.5659304428646789,0.6504559270516718,406.5
661,1,7.0,7,0.1449655624795015,0.1449655624795015,3049.0
662,2,8.0,9,0.3328886823386407,0.38260135135135137,1492.5
663,2,14.0,16,0.23027200923591395,0.26477292652989654,7604.5
664,5,11.4,20,0.14731550246894842,0.22906922357343312,8540.4
665,1,10.0,10,0.1699909338168631,0.1699909338168631,11030.0
666,2,16.5,18,0.28918184875919056,0.340943518718892,8536.0
667,2,7.0,10,0.19274052524029842,0.22766907698851552,9153.5
668,7,23.857142857142858,34,0.1500782760079864,0.22738722234943898,13245.857142857143
669,2,7.5,8,0.0763582953313929,0.0921669027127138,17511.0
670,7,16.428571428571427,24,0.0955765165629673,0.16788482834994464,12954.57142857143
671,3,7.333333333333333,10,0.051085364387767035,0.08667159919670225,11038.666666666666
672,1,9.0,9,0.07138251819102882,0.07138251819102882,10857.0
673,4,13.75,22,0.06616030248549129,0.1383005441607367,13379.0
674,4,14.75,19,0.07256817308624856,0.10459257126403686,17148.25
675,1,6.0,6,0.05014071989334913,0.05014071989334913,13502.0
676,1,2.0,2,0.034137971837652346,0.034137971837652346,16902.0
677,7,6.142857142857143,12,0.026793934433650163,0.06433145009416195,14034.857142857143
678,5,42.8,48,0.2980197841377221,0.35059463132857627,14930.0
679,1,2.0,2,0.0148326034750671,0.0148326034750671,14158.0
680,2,1.5,2,0.02653211313390122,0.030023351495607694,8337.5
681,4,27.75,39,0.2645356055529685,0.3392970737913486,9785.0
682,2,10.0,13,0.1882322562304558,0.23630057803468207,3992.5
683,1,29.0,29,0.4817201472908995,0.4817201472908995,7604.0
684,1,7.0,7,0.13379983036471585,0.13379983036471585,4716.0
685,5,17.0,24,0.3619282925753399,0.4521197746812926,6249.2
686,2,2.5,3,0.10892288212302792,0.11588396765338675,14487.5
687,3,10.0,12,0.07327867806569192,0.07867911859854727,18920.0
688,1,5.0,5,0.5621805792163543,0.5621805792163543,587.0
689,1,7.0,7,0.36589147286821705,0.36589147286821705,5160.0
690,3,19.333333333333332,25,0.39211119614510515,0.425540513234997,5395.0
691,1,13.0,13,0.22483863256036338,0.22483863256036338,8366.0
692,3,53.333333333333336,59,0.31793203977798024,0.4008283246628618,20655.0
693,1,9.0,9,0.08747437274236064,0.08747437274236064,10243.0
694,1,1.0,1,0.0071219434992482395,0.0071219434992482395,12637.0
695,5,27.6,33,0.08445962167891999,0.12129525302503306,20480.6
696,1,47.0,47,0.16099011430336732,0.16099011430336732,25896.0
697,1,3.0,3,0.01951128867416148,0.01951128867416148,10763.0
698,4,11.0,17,0.11052794016546437,0.22552447552447552,12397.0
699,6,4.666666666666667,12,0.052808997481595114,0.15441308646413807,8282.5
700,2,9.0,9,0.14737394473081938,0.1636954348550483,11950.0
701,3,6.333333333333333,8,0.06959549639820233,0.0923473331615563,17372.666666666668
702,6,3.8333333333333335,8,0.03756808671597195,0.08017908017908018,12425.333333333334
703,5,18.6,35,0.17816405193771762,0.28968391802709276,8995.8
704,6,5.166666666666667,8,0.06656281870223044,0.14836718950887118,5471.166666666667
705,3,7.333333333333333,9,0.3866851444859341,0.4721698113207547,1964.0
706,1,4.0,4,0.4066390041493776,0.4066390041493776,964.0
707,4,62.75,67,0.4723885821478653,0.5003999753861301,16440.0
708,3,14.333333333333334,17,0.1698135385278363,0.245612086203066,9712.333333333334
709,1,0.0,0,0.0,0.0,16018.0
710,2,29.5,32,0.24531344077332504,0.26365077078230803,15752.5
711,1,17.0,17,0.024305018708061475,0.024305018708061475,32339.0
712,1,16.0,16,0.5000897827258035,0.5000897827258035,5569.0
713,5,40.6,48,0.14660127308839146,0.21182389039531896,29518.4
714,2,13.5,15,0.3012795998766651,0.33344481605351173,3973.5
715,2,23.5,42,0.18802045083083457,0.28455461017537764,13250.5
716,1,3.0,3,0.024625468164794006,0.024625468164794006,21360.0
717,1,13.0,13,0.4477739726027397,0.4477739726027397,2336.0
718,1,28.0,28,0.5629358437935844,0.5629358437935844,5736.0
719,1,35.0,35,0.15217290692831026,0.15217290692831026,21607.0
720,1,29.0,29,0.06894413788827577,0.06894413788827577,16129.0
721,2,8.5,10,0.2818491088712667,0.3864410504340182,9224.5
722,1,0.0,0,0.0,0.0,1349.0
723,1,10.0,10,0.2538174414658975,0.2538174414658975,2947.0
724,1,8.0,8,0.15618383360318844,0.15618383360318844,8029.0
725,5,1.0,2,0.04637797056500633,0.12235393734123624,2667.6
726,1,3.0,3,0.014744145706851692,0.014744145706851692,10377.0
727,3,7.333333333333333,11,0.4913161163193152,0.6245923652407442,3842.6666666666665
728,5,60.4,69,0.2719651109741945,0.32053632221232914,20250.6
729,2,8.0,9,0.14964625316274582,0.21172736889829227,8202.0
730,1,3.0,3,0.028635062042634427,0.028635062042634427,9429.0
731,1,19.0,19,0.19454390451832906,0.19454390451832906,5865.0
732,3,4.333333333333333,5,0.07722792662349387,0.13407367280606716,15929.0
733,1,17.0,17,0.03611376611299114,0.03611376611299114,38711.0
734,3,28.0,35,0.34650411369224615,0.3966251506629168,12525.0
735,3,8.333333333333334,10,0.20420585103149969,0.38166067342268717,7587.0
736,1,3.0,3,0.03810504634397528,0.03810504634397528,3884.0
737,3,41.666666666666664,47,0.30063335087105886,0.32302067219800307,12586.333333333334
738,3,19.0,26,0.10495348523212605,0.1652004566516688,15552.333333333334
739,1,20.0,20,0.348649330977026,0.348649330977026,7922.0
740,1,14.0,14,0.06820682068206821,0.06820682068206821,19089.0
741,2,7.0,8,0.025962195979397973,0.027795128044971893,14967.5
742,1,17.0,17,0.06860331527982931,0.06860331527982931,18279.0
743,4,2.75,4,0.019187586099039387,0.026980432721317126,12996.25
744,4,8.75,10,0.1326743375481784,0.16541666666666666,13001.25
745,4,2.75,4,0.03923494622620141,0.07204547939215043,9746.0
746,1,12.0,12,0.11314115577209365,0.11314115577209365,7389.0
747,1,30.0,30,0.18790225809970545,0.18790225809970545,18334.0
748,1,29.0,29,0.052773866516474234,0.052773866516474234,35510.0
749,3,41.666666666666664,45,0.18540651910933914,0.24571350189748983,23806.333333333332
750,1,13.0,13,0.37522871217452497,0.37522871217452497,7105.0
751,1,17.0,17,0.33291157036412206,0.33291157036412206,7113.0
752,1,0.0,0,0.0,0.0,20168.0
753,3,28.0,33,0.2502884023382419,0.34151498437212724,13669.666666666666
754,1,36.0,36,0.2485485642554527,0.2485485642554527,19119.0
755,1,27.0,27,0.24045767803498852,0.24045767803498852,22636.0
756,1,7.0,7,0.16452811075468513,0.16452811075468513,11846.0
757,2,24.0,29,0.19343557984768778,0.22550349577376605,19176.0
758,1,25.0,25,0.0690405117270789,0.0690405117270789,23450.0
759,1,10.0,10,0.08899133836267113,0.08899133836267113,7158.0
760,1,13.0,13,0.4031578947368421,0.4031578947368421,4750.0
761,1,10.0,10,0.3011705502680232,0.3011705502680232,9141.0
762,3,1.0,3,0.25096277278562257,0.7528883183568678,2053.0
763,2,9.5,14,0.1263352941108108,0.168371118777723,13205.0
764,1,2.0,2,0.009113825867752568,0.009113825867752568,10314.0
765,3,31.666666666666668,37,0.20836015498494287,0.23627417127071823,11366.666666666666
766,2,18.0,19,0.2514671027869142,0.34130038484909864,5614.5
767,1,8.0,8,0.041704093417169255,0.041704093417169255,15586.0
768,2,9.0,11,0.17734689537820353,0.17997043606799704,5281.5
769,1,0.0,0,0.0,0.0,1813.0
770,1,8.0,8,0.02307957285566655,0.02307957285566655,17418.0
771,2,15.5,18,0.031094156713417233,0.038660495507759324,27600.5
772,1,5.0,5,0.05647907069897857,0.05647907069897857,4993.0
773,1,19.0,19,0.3646242076667673,0.3646242076667673,6626.0
774,1,20.0,20,0.5194912625374832,0.5194912625374832,9671.0
775,1,13.0,13,0.3286586157641865,0.3286586157641865,7701.0
776,2,18.0,18,0.3470566235312721,0.3525482793669232,6926.0
777,1,3.0,3,0.06312943297151143,0.06312943297151143,25519.0
778,1,8.0,8,0.11194394655369073,0.11194394655369073,6137.0
779,2,16.5,19,0.1469200691115181,0.18590882178804027,8503.0
780,1,31.0,31,0.3805595068752963,0.3805595068752963,10545.0
781,1,1.0,1,0.004789083513744014,0.004789083513744014,15243.0
782,2,9.0,13,0.07683093735406511,0.11394820536119946,10601.5
783,1,4.0,4,0.012934518997574777,0.012934518997574777,16081.0
784,1,24.0,24,0.32665349515476527,0.32665349515476527,10629.0
785,1,8.0,8,0.05566176872234664,0.05566176872234664,18307.0
786,1,9.0,9,0.19590931493346475,0.19590931493346475,8116.0
787,2,7.5,10,0.09170615710894939,0.13822954481988273,14521.0
788,2,3.5,7,0.01417264862875023,0.02834529725750046,16396.0
789,1,18.0,18,0.08060628782604039,0.08060628782604039,18671.0
790,2,16.5,17,0.295644741079119,0.390318684381678,11768.0
791,1,14.0,14,0.07302844796543032,0.07302844796543032,13885.0
792,1,12.0,12,0.14158523344191096,0.14158523344191096,23025.0
793,2,3.0,5,0.10861010295925246,0.21473744729781524,10655.5
794,2,20.0,22,0.09989981316809712,0.10031057952818344,16080.0
795,1,12.0,12,0.17595874959716404,0.17595874959716404,9309.0
796,1,1.0,1,0.0074990626171728535,0.0074990626171728535,10668.0
797,2,37.0,39,0.3207747550348016,0.3472914374474144,15684.5
798,1,6.0,6,0.6294227188081937,0.6294227188081937,1611.0
799,1,21.0,21,0.37046707281694224,0.37046707281694224,6894.0
800,1,2.0,2,0.5171568627450981,0.5171568627450981,408.0
801,1,5.0,5,0.03653809493550232,0.03653809493550232,15737.0
802,1,10.0,10,0.14330980844015556,0.14330980844015556,6943.0
803,1,9.0,9,0.041839495040577095,0.041839495040577095,11090.0
804,1,1.0,1,0.460352422907489,0.460352422907489,454.0
805,1,1.0,1,0.5212527964205816,0.5212527964205816,447.0
806,1,1.0,1,0.535175879396985,0.535175879396985,398.0
807,1,8.0,8,0.14931050879695673,0.14931050879695673,6309.0
808,1,1.0,1,0.4655493482309125,0.4655493482309125,537.0
809,1,1.0,1,0.572,0.572,500.0
810,1,1.0,1,0.5,0.5,334.0
811,1,1.0,1,0.407514450867052,0.407514450867052,346.0
812,1,25.0,25,0.3003083787153074,0.3003083787153074,15241.0
813,1,14.0,14,0.21770227983907017,0.21770227983907017,4474.0
814,1,12.0,12,0.26954363711567625,0.26954363711567625,7253.0
815,1,3.0,3,0.39371534195933455,0.39371534195933455,541.0
816,1,17.0,17,0.2042368278109723,0.2042368278109723,11046.0
817,1,17.0,17,0.13302120627926192,0.13302120627926192,7262.0
818,1,0.0,0,0.0,0.0,18340.0
819,1,29.0,29,0.5781794706262104,0.5781794706262104,7745.0
820,1,5.0,5,0.02320211747479867,0.02320211747479867,17757.0
821,1,29.0,29,0.20383768480654293,0.20383768480654293,15895.0
822,1,47.0,47,0.16139964415826485,0.16139964415826485,23606.0
823,1,22.0,22,0.2690391124482888,0.2690391124482888,21272.0
824,1,6.0,6,0.03309137489325363,0.03309137489325363,14052.0
825,1,9.0,9,0.07889413351314903,0.07889413351314903,11864.0
826,1,7.0,7,0.10635881907645722,0.10635881907645722,5284.0
827,1,6.0,6,0.00870942201108472,0.00870942201108472,34101.0
828,1,30.0,30,0.30268497415087,0.30268497415087,17989.0
829,1,10.0,10,0.08585811503682297,0.08585811503682297,10727.0
830,1,9.0,9,0.06049992039484159,0.06049992039484159,12562.0
831,1,3.0,3,0.016122421095778112,0.016122421095778112,7319.0
832,1,31.0,31,0.22224355282523836,0.22224355282523836,15627.0
833,1,12.0,12,0.0885744526767311,0.0885744526767311,17951.0
834,1,10.0,10,0.08195304623361659,0.08195304623361659,13886.0
835,1,12.0,12,0.20041914846679904,0.20041914846679904,9066.0
836,1,0.0,0,0.0,0.0,7293.0
837,1,24.0,24,0.19340305711987127,0.19340305711987127,6215.0
838,1,11.0,11,0.08837209302325581,0.08837209302325581,8815.0
839,1,10.0,10,0.406235238545111,0.406235238545111,2117.0
840,1,4.0,4,0.08493384549722578,0.08493384549722578,2343.0
