tracked_id,frame,y,x,label
0,0,71.8543,138.8829,1
0,1,72.7128,151.0179,1
0,2,67.9999,155.9402,1
0,3,60.883,166.4687,3
0,4,59.7641,172.0365,1
0,5,64.6195,160.9436,1
0,6,64.8792,164.1187,1
0,7,59.2966,168.5659,1
0,8,58.3705,169.0695,1
0,9,57.8885,167.1762,1
0,10,66.1492,166.8645,4
0,11,72.2211,164.5469,6
0,12,80.8236,166.5217,11
0,13,74.5945,169.2125,8
0,14,71.7098,172.7014,9
0,16,73.6265,166.9327,8
0,17,70.5374,168.2482,10
0,18,67.8714,166.2264,9
0,19,66.9551,166.8494,7
0,20,66.5122,157.6307,9
0,21,71.958,150.4393,8
0,22,78.7466,140.9199,7
0,23,79.0361,138.6134,7
0,24,82.9561,137.0404,6
0,25,87.1626,133.6919,6
0,26,78.8489,136.2145,6
0,27,71.3707,130.4859,6
0,28,63.5744,124.6058,1
0,29,61.0304,118.4664,1
1,0,53.0936,568.5912,2
2,0,33.4131,917.9354,3
2,1,36.4725,928.3319,4
2,2,36.3749,927.6424,2
2,3,39.7437,935.3482,1
2,4,41.5086,935.4278,2
2,5,45.833,937.5599,3
2,6,45.3491,933.3254,5
3,0,40.698,1232.8355,4
3,1,42.2299,1245.4539,3
3,2,41.5339,1252.7863,5
3,3,45.8743,1262.7253,2
3,4,46.3437,1260.5892,3
3,5,46.1077,1267.3494,4
3,6,49.4599,1265.0772,6
3,7,46.9495,1265.6625,4
3,8,49.2426,1258.319,6
3,9,46.6393,1253.3912,6
3,10,48.3256,1247.8829,3
3,11,46.5916,1242.8676,3
3,12,47.31,1247.9336,3
3,13,44.042,1249.6678,2
3,14,42.0686,1255.2508,2
3,15,39.8246,1264.2536,3
3,16,38.5165,1257.7027,3
3,17,27.6405,1252.0493,3
3,18,17.9471,1255.8406,3
4,0,68.6986,35.735,5
5,0,68.5467,1496.5457,6
5,1,73.0621,1509.0915,5
5,2,77.2761,1507.4582,7
5,3,70.0639,1509.0365,5
5,5,79.0979,1509.5277,8
6,0,74.5074,765.9564,7
6,1,80.1667,776.6257,6
6,2,82.5571,782.8273,8
6,3,81.063,787.9611,7
6,4,85.8598,780.1382,8
6,5,90.2139,770.4525,10
6,6,89.7057,762.92,11
6,7,94.6275,753.9362,8
6,8,89.9191,760.0588,8
6,9,94.752,759.2339,8
6,10,88.7783,763.4833,7
6,11,92.4802,758.6321,8
6,12,94.05,763.5155,10
6,13,93.8931,770.1372,6
6,14,89.9786,773.301,7
6,15,97.2848,777.4441,6
6,16,107.0242,783.2099,9
6,17,107.8741,784.8803,11
6,18,110.2184,792.8225,10
6,19,109.9968,802.8577,9
6,20,114.1377,799.3199,12
6,21,109.5493,806.1263,10
6,22,104.4707,813.3318,8
6,23,104.7862,814.7017,8
7,0,96.3839,1061.5783,8
7,1,92.0041,1064.7833,8
7,2,85.0645,1067.3045,9
7,3,80.2665,1070.7509,8
7,4,81.0927,1068.6015,7
7,5,78.9256,1071.1905,9
7,6,77.2356,1069.952,9
8,0,145.5655,461.4303,9
8,1,146.9234,456.2708,9
9,0,227.8382,252.4935,10
10,0,178.4511,586.2671,11
11,0,168.5343,863.3865,12
11,1,168.442,869.3084,11
11,2,174.0366,865.7902,13
11,3,177.1565,866.3914,12
11,4,175.8129,858.2296,11
11,5,166.6501,849.8395,15
12,0,203.8229,1340.8333,13
12,1,202.5607,1343.2748,12
12,2,197.8822,1342.632,12
12,3,197.0701,1354.9014,9
12,5,191.6247,1351.2135,12
13,0,190.6332,1070.2887,14
13,1,184.7589,1079.2322,13
13,2,183.5068,1084.0862,14
13,3,180.4949,1086.6493,13
13,4,183.2372,1087.1939,12
13,5,183.33,1089.1759,16
13,6,180.6338,1088.0812,15
13,8,177.802,1094.9275,14
13,9,176.3927,1094.6524,13
13,10,177.6262,1099.5263,14
13,12,176.2932,1103.0,16
13,14,180.5779,1096.9858,15
13,15,185.8922,1100.3129,14
13,16,179.7257,1104.1729,16
13,17,176.3638,1103.3765,17
13,18,180.2561,1104.3532,16
14,0,258.373,39.5409,15
14,1,259.7531,46.1028,15
14,2,263.8033,43.5816,17
14,3,264.8805,43.7521,16
14,4,261.5714,45.181,15
14,5,265.6968,43.0864,20
14,6,267.0772,43.7993,21
14,7,266.0472,44.7754,20
14,8,268.4841,47.5651,21
14,9,277.859,52.4492,21
14,10,285.1978,53.4244,22
14,11,297.0734,56.1605,21
15,0,255.2391,919.3112,16
15,2,256.0784,928.7971,16
16,0,265.1404,1516.5466,17
16,1,260.0088,1518.1978,16
16,2,251.1425,1524.8289,18
17,0,307.7733,612.4748,18
18,0,339.7083,341.0128,19
18,1,348.1656,346.1768,20
18,2,347.6832,347.0019,24
18,3,347.5824,353.0449,21
18,4,349.2434,350.7281,21
18,5,347.3733,356.3521,24
18,6,343.743,358.3756,24
18,7,335.8144,362.1488,22
18,8,336.1445,366.0895,22
18,9,333.598,367.309,23
18,10,324.5568,364.7917,24
18,11,320.3045,364.4271,23
18,12,325.1752,361.0796,26
18,13,325.1809,358.8418,22
18,14,325.7839,356.9249,24
18,15,331.8575,359.7173,24
19,0,382.3622,466.1603,20
19,1,378.6882,478.4959,21
19,2,372.7551,482.2743,22
20,0,392.5315,1165.5458,21
21,0,357.1136,850.2472,22
21,1,359.4065,853.1997,23
21,2,360.8821,855.7802,27
21,3,363.3696,853.5392,23
21,4,362.2097,854.4254,25
21,5,371.8224,849.829,27
21,6,364.6045,847.3562,27
21,7,361.9172,850.617,25
21,8,362.563,856.8011,25
21,9,357.6231,856.5921,25
21,10,354.2997,852.3502,25
21,12,362.2105,853.5322,28
21,13,349.3915,858.3975,24
21,14,347.5861,860.7542,26
21,15,351.4958,859.3775,26
21,16,356.5729,859.4005,27
21,17,358.7102,847.9664,29
21,18,351.7433,847.1011,30
21,19,353.1278,843.6809,27
21,20,350.7258,839.2774,28
21,21,348.159,837.5805,28
21,22,352.0476,842.9308,31
21,23,346.3449,847.8491,39
21,24,341.4246,854.8986,30
21,25,339.0557,855.585,28
21,26,334.1048,860.7446,27
21,27,331.3041,860.9241,28
21,28,326.7322,859.1696,29
21,29,327.0456,857.561,32
22,0,366.1833,1300.2788,23
23,0,359.7324,1577.1574,24
23,1,357.3296,1584.2621,24
23,2,353.6774,1579.2017,26
23,3,349.9084,1574.6287,22
23,4,343.7588,1567.9467,24
24,0,390.5834,144.8122,25
24,1,393.4421,157.1069,25
25,0,430.1362,260.0079,26
25,1,433.4269,268.8466,26
25,2,436.8094,272.3603,30
25,3,431.7493,273.064,25
25,4,426.6467,268.6519,28
25,5,422.7804,273.6099,30
25,6,424.1872,277.5574,29
25,7,423.209,275.7679,29
25,8,418.5504,281.0431,29
25,9,411.4205,280.0693,29
25,10,399.7081,283.2088,30
25,11,389.5164,287.1844,29
25,12,387.8525,283.6578,31
25,13,388.7023,282.4473,28
25,14,385.4973,290.0711,30
25,15,393.273,292.1876,28
26,0,378.587,962.9772,27
27,0,457.2673,668.1468,28
27,1,451.3878,674.8501,27
27,3,452.8683,680.1237,26
28,0,466.8424,831.1014,29
28,1,470.8267,838.7816,28
28,2,476.0892,834.4188,33
28,3,473.4023,834.0291,28
28,4,477.6025,832.3653,31
28,5,478.927,831.6133,33
28,6,478.1649,834.1212,34
28,7,479.1816,836.4017,33
28,8,483.3293,834.0737,34
28,9,482.753,832.1827,32
28,10,485.4685,828.886,34
28,11,488.7623,829.9519,34
28,12,488.7198,825.9974,36
28,13,478.1194,830.001,31
28,14,478.8671,825.8038,34
28,15,480.5153,825.9104,32
28,16,473.7907,828.6131,32
28,17,480.5407,824.0506,36
28,18,486.4841,813.6555,36
28,19,485.834,814.513,34
28,20,485.233,809.2462,37
28,21,479.577,808.5493,38
28,22,487.0239,798.8729,40
28,23,490.9781,797.1402,49
28,24,491.21,798.1565,39
28,25,497.4102,801.4229,40
28,26,498.3165,806.9489,38
28,27,486.024,809.6831,37
28,28,479.2831,806.551,36
28,29,475.4491,805.1583,40
29,0,434.13,1501.8382,30
30,0,475.7031,1316.8256,31
30,1,481.2025,1328.8688,29
30,2,476.6127,1335.8469,31
31,0,515.2833,76.1107,32
31,2,515.8305,75.701,37
31,4,511.1483,78.8802,33
31,5,507.1944,80.1301,35
31,6,505.7653,69.6256,36
31,7,505.4441,59.0773,35
31,9,514.3367,48.7034,36
31,10,505.2002,49.0909,37
31,11,496.7187,46.8478,36
31,12,499.3403,46.7979,39
31,13,490.8853,49.562,35
31,14,488.7051,44.054,36
31,15,484.1858,38.7831,34
31,16,483.0414,35.253,34
31,17,477.5434,36.1686,37
31,18,465.9776,40.3026,34
31,19,458.5793,41.0558,33
31,20,451.2112,37.9473,34
31,21,455.041,46.8632,34
31,22,446.6965,46.4874,37
31,23,444.5891,45.5323,45
31,24,442.2328,51.3063,35
31,25,440.7598,52.7338,35
31,26,443.5798,56.1649,34
31,27,444.3814,60.3387,33
31,28,445.3444,57.5653,35
32,0,489.8206,956.8561,33
32,1,492.6047,961.8787,30
32,2,480.6361,967.6263,32
32,3,479.6828,970.0747,27
32,4,475.0692,968.658,30
32,5,480.621,962.9831,31
32,6,486.2059,960.9957,33
32,7,486.63,962.5385,30
32,8,486.0179,958.9987,31
32,9,478.443,960.3169,31
32,10,471.8372,958.5452,32
32,11,469.0587,957.0307,30
32,12,462.2003,958.4613,33
32,14,468.8748,957.0916,31
32,15,467.4164,954.8956,30
32,16,467.4327,956.8196,31
32,17,461.5381,947.6937,33
32,18,457.2075,946.3855,33
32,19,456.8034,952.926,32
32,20,463.6405,948.1232,33
32,21,458.0857,941.2457,33
32,23,460.0234,947.3156,47
32,25,473.0794,948.0932,38
32,26,470.8885,949.3862,36
32,27,472.6851,950.4047,36
32,28,479.5093,944.1895,38
33,0,492.9089,1581.1015,34
33,1,490.1312,1582.8482,33
34,0,573.0121,511.203,35
35,0,574.9629,313.8509,36
35,1,566.9852,323.9153,34
36,0,655.8092,1046.6315,37
36,1,655.9758,1050.8261,37
37,0,633.7423,1494.2725,38
38,0,594.1404,1609.1129,39
38,1,581.8467,1612.9687,38
39,0,607.7348,863.094,40
39,1,615.9574,865.4422,40
39,2,611.2101,868.0826,44
39,4,614.4769,875.0331,40
39,5,616.0736,868.5712,41
39,6,618.9061,867.4817,42
39,8,623.7473,872.8079,41
39,9,611.2856,874.8818,41
39,10,609.1293,874.5757,42
39,11,607.2449,877.1348,41
39,12,608.6631,884.6442,44
39,13,615.5312,893.7147,41
39,14,613.7069,889.1126,43
39,16,614.9654,889.0136,42
39,17,612.0436,886.6961,45
40,0,621.2364,1225.3077,41
40,1,626.6827,1227.3348,39
40,2,615.6857,1229.6655,43
41,0,663.7438,678.5086,42
42,0,689.9421,94.9876,43
42,1,687.397,100.4715,44
42,2,686.899,102.7115,49
42,3,684.6357,92.9479,40
42,4,691.1778,96.7431,44
42,5,696.9804,90.1963,46
42,6,704.6303,98.0583,46
42,7,713.382,96.6329,45
42,8,716.428,90.5957,45
42,9,725.6087,89.6668,47
42,10,723.2892,88.5145,48
42,11,716.0025,96.417,47
42,12,715.3495,95.1419,50
42,13,726.838,100.0966,50
43,0,682.3337,585.3005,44
44,0,710.8075,1335.202,45
45,0,736.2691,416.6893,46
45,1,738.8241,419.0993,46
45,2,732.3189,419.3337,50
45,3,727.3895,413.7836,42
45,4,725.1512,416.7918,45
45,5,718.1978,417.2529,47
45,6,719.7977,407.9714,47
45,7,725.4485,405.9591,47
45,9,728.5965,396.8633,49
45,10,722.7169,394.2924,49
45,11,715.2225,394.9234,48
45,13,708.9982,397.2458,47
45,14,705.9973,395.7788,47
45,15,706.1928,399.146,46
45,16,698.3603,397.9463,48
45,18,697.8013,407.588,51
46,0,698.8812,885.6603,47
46,2,706.1667,893.2451,52
46,3,709.4679,897.4315,44
46,4,705.7381,906.1575,48
46,5,703.9618,897.8153,48
47,0,784.1701,1221.7267,48
47,2,783.8193,1231.5648,53
48,0,781.0806,242.7249,49
48,1,778.5195,248.2793,47
48,2,775.1579,251.0354,54
48,3,775.6597,253.3878,45
48,4,773.1339,255.8903,49
48,5,768.5869,261.2453,51
48,6,761.9837,264.4075,48
48,7,762.418,268.8991,46
48,8,759.2385,275.5383,47
48,9,751.4973,280.8077,46
48,10,747.4202,276.7762,47
49,0,790.5971,513.3594,50
49,1,796.4476,514.4511,48
49,2,800.9102,517.3266,55
49,3,801.7252,515.3262,46
49,4,807.4535,515.7618,51
49,5,801.4826,511.094,53
49,6,805.4507,514.9237,52
49,7,814.1892,508.1203,50
49,8,818.502,510.8445,50
49,9,809.6258,505.6647,53
49,10,813.7061,501.8484,53
49,11,815.6567,499.4051,56
49,12,816.5356,500.2466,58
49,13,817.676,499.1773,55
49,14,807.3402,501.4226,55
49,15,798.3118,503.5581,53
49,16,800.9472,504.6506,52
49,17,802.368,505.4276,56
49,18,805.3048,506.177,58
49,19,802.5028,505.4568,57
49,20,801.3053,502.2027,57
49,21,793.5512,498.599,59
49,22,794.5806,500.9064,62
49,23,793.6634,506.3858,69
49,25,794.5533,513.4787,58
49,26,796.2512,519.3674,58
49,27,788.2783,527.5317,56
49,28,787.4958,536.0248,59
49,29,790.5093,541.7638,62
50,0,776.1447,1445.1886,51
50,1,781.8944,1457.046,49
50,2,788.9964,1456.791,56
50,3,789.078,1465.1443,49
50,4,796.601,1474.0345,52
50,5,791.2516,1472.8435,54
50,6,786.4622,1481.3572,53
50,7,783.6552,1487.2462,51
50,8,783.3505,1488.5704,51
50,9,779.5622,1494.6343,55
50,10,773.7705,1502.1091,54
50,11,767.6928,1509.2772,55
50,12,768.7627,1509.1805,57
50,13,763.2507,1509.7998,54
50,14,760.7761,1510.1763,56
50,15,758.9676,1513.7164,54
50,16,758.069,1522.3936,55
50,17,758.7254,1522.9735,58
50,18,759.9491,1522.1288,59
50,19,758.161,1528.1414,58
50,20,756.5264,1533.8733,58
50,21,753.4313,1538.0281,60
50,22,754.3897,1539.9469,63
50,23,755.9116,1548.3074,72
50,24,754.9879,1551.1194,61
50,25,754.6842,1554.0765,61
50,26,754.8,1551.4284,59
50,27,751.6679,1547.8827,58
50,28,752.0411,1548.3034,60
50,29,750.2549,1550.5822,61
51,0,796.094,706.5943,52
52,0,838.3448,937.4404,53
52,1,846.4767,943.5423,51
52,2,849.6371,940.738,59
52,3,851.7147,942.7938,51
52,4,849.9406,936.826,54
52,5,847.8107,935.9435,57
52,6,839.8592,935.9457,57
52,7,832.6414,928.9037,55
52,8,826.9233,938.8395,54
52,9,826.996,938.1065,57
52,10,825.6011,926.1792,57
52,11,823.6743,919.9959,58
52,12,817.0053,912.4653,60
52,13,807.1722,911.3946,57
52,14,805.9099,904.4054,58
52,15,799.9456,900.4087,56
52,16,800.2458,901.9106,58
52,17,799.1894,898.5965,61
52,18,787.3504,895.6858,62
52,19,784.5237,889.0276,59
52,20,780.7035,884.1616,59
52,21,778.6712,884.6682,61
52,22,775.4719,884.4495,64
52,23,769.9999,889.5423,71
52,24,762.3825,885.304,59
52,25,763.5223,885.8491,60
52,26,758.3152,886.5889,56
52,27,757.7274,887.7746,54
52,28,761.3156,889.8025,57
52,29,763.1883,893.0,60
53,0,894.893,56.0734,54
53,1,896.6584,65.5628,52
53,2,898.7677,67.3509,60
53,3,896.446,73.3797,53
53,4,894.7373,82.7401,56
53,5,895.4772,84.6986,60
53,6,887.299,95.2803,59
53,7,890.3634,104.7854,58
53,8,889.1542,109.6546,57
53,9,886.4277,113.1151,60
53,10,884.972,123.8822,60
53,11,875.5712,126.5647,60
53,12,876.1753,134.5793,63
53,13,874.6478,136.3807,59
53,14,875.5158,132.9891,60
53,15,868.5591,134.8622,58
53,16,869.0152,133.3631,61
53,17,870.6701,143.5854,63
53,18,868.8365,145.4642,64
53,19,876.6619,149.9405,64
53,20,876.1599,149.2663,65
53,21,877.8526,154.9467,66
53,22,876.3426,163.06,70
53,23,876.0811,168.5855,77
53,25,869.6322,171.1316,67
53,26,857.2819,172.4068,63
53,27,858.3835,166.0503,64
54,0,878.5446,680.1067,55
54,1,878.3795,680.1368,53
54,2,882.2968,686.6594,61
54,3,892.1275,679.1368,52
55,0,928.2747,1370.2587,56
55,1,917.1832,1371.4381,54
55,2,910.5167,1370.0529,62
55,3,909.8827,1373.0729,54
55,4,902.3756,1365.5683,57
55,5,897.0384,1364.8147,59
55,6,890.5988,1364.6458,60
56,0,887.8188,1239.9734,57
57,0,953.889,644.3952,58
57,1,952.793,648.194,55
57,2,955.3575,648.6972,63
58,0,969.6026,1240.808,59
58,1,970.9869,1238.3736,56
58,2,964.2146,1228.6988,64
58,3,966.8224,1227.5355,56
58,4,962.624,1219.3046,59
58,5,960.2381,1210.7701,62
58,6,947.9218,1213.5617,61
58,7,943.8963,1214.227,60
58,8,943.4516,1216.1035,60
58,9,933.4742,1211.0404,62
58,10,926.1653,1207.0728,63
58,11,920.1738,1208.2483,64
58,12,917.2979,1213.1016,68
58,13,908.5845,1214.3433,64
58,14,900.2363,1212.9192,63
58,15,892.3277,1209.6363,62
58,16,893.328,1213.6177,65
58,17,888.0643,1216.714,66
58,18,889.1713,1222.8073,68
58,19,878.8302,1224.3263,63
59,0,1008.1384,1044.2842,60
59,1,1009.365,1046.8383,58
59,2,998.5502,1046.3686,65
59,3,991.5644,1048.2044,55
60,0,990.7322,210.9765,61
60,1,990.7148,210.4634,57
61,0,1033.8485,754.7225,62
62,0,1021.4491,1533.1897,63
63,0,1010.8336,349.2788,64
63,1,1015.165,357.1327,60
63,2,1013.8285,356.8376,68
63,3,1003.1698,353.9847,59
63,4,1001.9429,356.8237,63
63,5,999.7798,352.5919,65
64,0,1057.853,567.4478,65
64,1,1059.1406,576.907,63
64,2,1061.7346,574.665,71
64,3,1058.6561,568.5239,62
64,4,1054.5686,572.408,67
64,5,1058.4951,572.5643,69
64,6,1058.7814,569.2375,71
64,7,1054.5469,573.3482,71
64,8,1051.813,577.2276,69
64,9,1049.2731,579.3671,70
64,10,1051.0059,581.5622,73
64,12,1040.4273,587.8197,74
64,13,1037.3625,586.9994,71
64,14,1046.4978,586.6152,75
64,15,1048.0851,589.0427,71
64,16,1041.5608,584.7653,74
64,17,1041.503,584.0179,75
64,18,1038.4818,581.0008,76
64,19,1027.5297,576.8199,73
64,20,1022.2284,573.7688,75
64,21,1016.8365,574.2593,76
65,0,1027.9193,282.282,66
66,0,1035.7436,21.015,67
66,1,1031.2091,19.61,65
66,2,1032.6065,22.3864,72
66,4,1025.73,19.0145,69
66,5,1017.1107,20.7979,67
66,6,1020.408,16.163,70
66,7,1028.5011,14.0241,69
66,8,1020.0695,16.715,68
66,10,1023.211,13.6329,74
66,12,1021.2925,14.0393,78
67,0,1070.8752,131.1358,68
67,1,1074.1401,134.1639,64
67,2,1077.9878,140.7685,75
67,3,1083.0787,138.0764,66
68,0,1072.728,448.9431,69
68,1,1070.6717,456.0859,66
69,0,1067.1825,880.8874,70
70,0,1095.7571,1146.6028,71
70,1,1097.9709,1155.058,67
70,2,1095.7351,1156.1175,73
70,3,1104.7822,1156.1549,67
70,4,1111.4607,1146.8869,71
70,5,1113.0396,1142.173,72
70,6,1113.6162,1146.144,74
70,7,1113.8919,1148.893,73
70,8,1114.1065,1152.7851,72
70,9,1106.4884,1150.1348,76
70,10,1099.099,1140.1286,75
70,11,1087.1549,1138.208,74
70,12,1080.5295,1143.1713,77
70,13,1080.0782,1140.5657,74
70,14,1078.0198,1140.9302,78
70,15,1070.5973,1138.5672,74
70,16,1068.007,1140.334,76
70,17,1060.4202,1136.4781,79
70,18,1055.6088,1135.7587,79
70,19,1046.6037,1141.8166,75
70,20,1044.1779,1136.792,76
70,21,1034.0406,1136.6201,77
70,22,1028.5021,1136.1398,79
70,23,1020.6158,1133.9024,85
70,24,1023.3005,1132.7875,75
70,25,1028.0196,1133.2867,77
70,26,1036.3667,1134.1209,77
71,0,1185.1941,1361.1095,72
71,1,1183.679,1370.5094,68
71,2,1181.679,1366.9824,78
72,0,1125.7087,1583.3326,73
73,0,1138.5248,349.2579,74
73,1,1135.3287,349.41,69
73,2,1134.8654,350.3636,81
73,4,1136.9136,342.3544,75
73,5,1140.2608,334.9075,77
73,6,1129.2556,339.5902,79
73,7,1126.0616,340.8413,76
73,8,1122.9682,348.631,76
73,9,1126.107,351.949,80
73,10,1125.7661,354.5193,80
73,11,1131.4318,352.0223,80
73,12,1129.3352,352.8993,85
73,13,1128.1739,358.8174,81
73,14,1130.3811,367.7121,83
73,15,1123.4257,369.0576,80
73,16,1125.2942,366.3304,83
73,17,1121.2255,362.2611,84
73,18,1115.7173,367.2738,84
73,19,1111.594,362.0289,81
73,20,1105.2778,357.5599,84
73,21,1106.456,357.1326,82
73,22,1107.188,354.5424,85
73,23,1103.483,355.5281,94
73,24,1100.1056,349.876,81
73,25,1095.5735,352.2909,83
73,26,1098.9593,353.4101,80
73,27,1094.744,356.7476,80
73,28,1084.1872,354.2454,82
73,29,1082.8167,359.0329,85
74,0,1127.5079,811.5678,75
75,0,1151.7274,44.302,76
75,1,1146.0342,48.6529,70
75,2,1140.5859,49.3578,79
76,0,1149.9745,966.7001,77
76,1,1146.3284,973.0424,72
76,2,1142.433,977.5768,80
76,3,1138.8544,982.4363,69
76,4,1134.2262,986.1677,74
76,5,1128.5774,990.7148,74
76,6,1123.8336,992.0368,77
77,0,1186.6109,224.3986,78
78,0,1219.8471,746.2846,79
79,0,1205.8002,459.0014,80
80,0,1233.7054,283.9085,81
80,1,1237.4754,290.4778,75
80,2,1234.6868,299.3016,85
80,3,1241.0672,299.9945,74
80,4,1237.1303,292.8075,80
81,0,1264.2032,85.1778,82
81,1,1265.0001,84.5435,77
81,2,1260.6332,86.5638,87
81,3,1264.1053,78.8346,77
81,4,1259.9374,85.142,84
81,5,1261.8863,95.0557,82
81,6,1259.6214,98.9228,87
81,7,1263.4837,94.2366,84
81,8,1253.9865,96.3654,85
81,9,1253.2993,95.752,88
81,10,1249.9067,92.2776,88
81,11,1241.1372,98.7533,87
81,12,1242.7348,103.1675,94
81,13,1242.7977,99.7282,89
81,15,1238.9151,101.4038,87
81,16,1240.7206,90.9246,88
81,17,1236.5778,88.1257,90
81,18,1238.0465,85.3047,90
82,0,1259.5762,990.4227,83
82,1,1256.4635,993.5568,79
82,2,1255.6726,1003.3693,89
82,3,1250.1319,1009.8434,78
82,4,1240.8434,1007.3361,83
82,5,1237.5507,1006.7336,80
82,6,1234.6302,1013.579,86
82,7,1225.4156,1020.7568,83
82,8,1225.4402,1029.4108,84
82,9,1218.2316,1030.8154,86
82,10,1216.2622,1035.3017,87
82,11,1211.4458,1039.3823,86
82,12,1209.3544,1042.917,92
82,13,1207.3539,1039.5908,87
82,14,1209.2365,1032.948,88
82,15,1205.4004,1036.9322,85
82,16,1200.4443,1038.151,86
83,0,1345.6831,654.6727,84
83,1,1347.9942,658.8944,80
83,2,1343.5627,659.311,90
83,3,1340.5818,659.1014,79
83,4,1336.9092,660.178,86
83,5,1339.8863,660.6274,84
83,6,1338.7115,661.9708,88
83,7,1339.2509,662.068,85
83,8,1335.8611,666.7141,86
83,9,1335.9481,666.8869,89
83,10,1337.1492,666.0637,90
83,11,1333.0423,665.7254,90
83,12,1338.9047,668.8157,96
83,13,1344.1472,666.091,92
83,14,1338.3699,664.7829,91
83,15,1334.04,667.8377,90
83,16,1324.07,671.6796,91
83,17,1311.6968,666.4478,92
83,18,1315.161,664.1382,92
83,19,1322.31,671.7344,91
83,20,1318.3811,669.9671,95
83,21,1323.1566,672.1048,98
83,22,1323.1838,673.161,100
83,23,1325.8161,678.7811,108
83,24,1326.5071,681.7992,95
83,25,1324.6429,675.5114,97
83,26,1322.8558,677.9479,95
83,27,1322.9745,670.6056,95
83,28,1327.4403,662.7915,96
83,29,1328.7786,658.8602,98
84,0,1335.8611,349.3838,85
84,1,1345.0136,359.6825,81
85,0,1374.6757,858.3789,86
85,1,1376.3082,868.2372,82
85,2,1375.096,872.2782,91
85,3,1372.613,876.9919,80
85,4,1364.8442,868.8155,87
85,5,1365.5335,861.9448,86
85,6,1365.8855,860.5801,91
85,7,1360.6168,853.1142,87
85,8,1364.0499,855.9804,88
85,9,1369.7129,855.1241,94
86,0,1387.144,1019.1813,87
86,1,1388.2606,1026.5885,85
86,2,1389.8482,1021.467,94
86,3,1391.251,1032.3643,83
86,4,1388.3444,1029.9562,89
86,5,1382.6509,1033.5993,90
86,6,1380.2849,1035.6274,93
86,7,1379.3527,1035.6184,92
86,8,1383.5894,1029.4391,91
86,9,1380.6244,1023.3801,95
86,10,1372.9096,1016.8198,92
86,11,1362.1411,1013.4072,93
86,12,1363.7544,999.6553,101
86,13,1358.9019,1000.0157,94
86,14,1350.7768,1007.1947,96
86,15,1351.9032,1001.9471,91
86,16,1345.7298,1004.4946,93
87,0,1415.6408,1492.5272,88
87,1,1417.2292,1489.5871,83
87,2,1418.894,1479.9648,92
87,3,1423.7422,1483.5238,81
88,0,1443.0178,236.8187,89
88,1,1442.4134,240.2401,84
88,2,1432.5343,239.2543,93
88,3,1429.9845,249.3893,82
88,4,1439.565,249.1526,92
88,5,1441.5409,247.2285,91
88,6,1438.1859,249.2695,96
88,7,1435.4503,242.6515,94
88,8,1433.531,246.9137,94
88,9,1435.1645,241.5737,98
88,10,1441.6315,244.9371,99
88,11,1440.884,242.9458,98
88,12,1438.1821,248.9379,107
88,13,1442.9269,254.5232,102
88,14,1446.2939,247.9309,102
88,15,1447.7788,241.2882,100
88,16,1439.9676,237.6328,99
88,17,1438.4258,236.9006,101
88,18,1440.9916,241.7419,102
89,0,1413.1188,1275.4911,90
89,1,1411.7861,1278.8825,86
89,2,1406.4424,1270.505,96
89,3,1402.6836,1280.9851,85
89,4,1403.1111,1276.8876,91
89,5,1391.1604,1271.9173,88
89,6,1381.008,1271.2712,92
89,7,1374.4387,1281.583,90
89,8,1375.8819,1283.5914,90
89,9,1374.566,1283.0018,92
89,10,1378.8774,1279.93,93
89,11,1374.6235,1273.6501,94
89,12,1362.563,1270.8102,99
90,0,1451.927,35.5135,91
91,0,1407.4396,1593.323,92
92,0,1436.4406,467.8048,93
92,1,1435.8257,477.1772,87
92,2,1423.5707,482.695,97
92,3,1423.9104,485.9507,84
93,0,1514.1311,148.457,94
94,0,1484.8507,352.986,95
94,1,1480.6735,352.6415,91
94,2,1472.9928,352.1698,100
95,0,1523.644,523.038,96
96,0,1550.303,673.6932,97
96,1,1545.6499,663.2521,92
96,3,1544.4808,661.5211,90
97,0,1533.6743,966.2487,98
97,1,1533.7068,971.3633,93
97,2,1533.2303,969.8734,102
97,3,1532.8386,970.6069,91
97,4,1529.3996,967.9144,99
97,5,1525.7806,964.1947,98
97,6,1525.1206,963.0353,102
97,7,1520.1031,966.087,101
97,8,1520.179,969.1058,99
97,9,1510.4982,976.737,103
97,10,1502.445,976.8449,102
97,11,1497.7278,977.0207,102
98,0,1579.53,69.5128,99
99,0,1577.3211,1266.2603,100
99,1,1566.8486,1273.1348,94
99,2,1562.4339,1263.6005,103
99,3,1556.7212,1253.7561,92
99,4,1554.0589,1248.9911,102
99,5,1548.7885,1246.8473,99
99,6,1541.2353,1252.3983,105
99,7,1534.3032,1263.2901,102
99,8,1529.2609,1272.7227,100
99,9,1527.861,1271.994,104
99,10,1523.6312,1272.2346,103
99,11,1517.5211,1271.8135,104
99,12,1510.1676,1275.8379,111
99,13,1499.574,1269.0685,105
99,14,1497.7322,1262.1243,105
99,15,1497.2617,1261.5825,102
99,16,1489.8856,1263.7209,102
99,17,1481.9963,1269.0493,103
99,18,1483.3885,1269.5372,104
99,19,1480.371,1267.3358,100
99,20,1471.9454,1262.1855,106
99,21,1463.2604,1253.6115,104
99,22,1455.1944,1252.4637,107
100,0,1592.8045,438.7296,101
101,0,1601.7279,1531.9576,102
101,1,1600.6367,1525.8183,96
101,2,1598.4494,1517.278,107
101,3,1600.6282,1517.3907,95
101,4,1598.3534,1524.1486,103
101,5,1597.339,1520.791,102
102,1,54.5749,611.1501,2
102,2,53.8646,622.0664,4
103,1,91.2129,46.168,7
103,2,82.3818,37.8867,6
103,3,81.1435,42.1516,6
103,4,80.2148,40.6093,6
104,1,160.5249,606.9528,10
104,2,159.2537,605.5763,11
104,4,167.373,610.1249,9
104,5,170.358,613.8453,14
105,1,251.119,261.9864,14
105,2,252.7043,272.2257,15
105,3,247.8872,279.7824,14
105,4,242.4144,275.687,13
105,5,238.9291,277.9011,17
105,6,235.7112,280.0638,17
105,7,231.9828,279.6748,14
105,8,231.2401,283.2348,16
105,9,230.9385,284.4413,15
105,10,226.4854,279.9244,15
105,11,223.0307,274.3054,15
105,12,229.3417,266.2836,18
105,13,224.0152,267.6043,15
105,14,223.8101,262.8879,16
105,15,228.4768,256.984,17
105,16,229.0602,254.1697,17
105,17,226.9905,254.8548,18
105,18,222.8622,252.7282,19
105,19,222.2497,253.1997,17
105,20,218.0701,246.674,19
105,21,221.5975,245.1221,19
105,22,221.1163,241.4138,16
105,23,220.5844,243.022,18
105,24,227.0003,246.8939,16
105,25,226.9008,243.7542,15
105,26,231.4155,242.1326,16
105,27,234.9612,235.0949,17
105,28,235.4219,226.6236,18
105,29,241.7264,223.3124,15
106,1,270.6051,925.287,17
106,3,272.1609,933.5511,17
106,4,264.6585,935.1901,16
106,5,264.8455,929.8402,19
106,6,265.5686,938.385,19
106,7,268.0145,941.7845,19
106,8,265.7388,945.5391,20
106,9,262.6934,949.3361,20
106,10,257.2418,947.8557,21
107,1,301.532,630.7254,18
107,2,303.965,639.8229,19
108,1,374.671,1147.975,19
109,1,346.1496,1308.6509,22
110,1,453.4861,1420.0499,31
110,2,457.0381,1423.9489,35
111,1,516.9632,86.7758,32
112,1,513.6764,1483.6723,35
113,1,578.7925,532.396,36
113,2,581.0863,537.5496,39
113,3,575.5929,542.5282,33
113,4,575.5376,541.4321,36
113,5,572.5596,539.1355,38
113,6,564.8177,537.0139,38
113,7,555.9064,538.3252,37
113,8,553.3227,540.793,37
113,9,547.1543,538.7671,37
113,10,552.6836,538.212,38
113,11,552.9702,536.4974,37
113,12,558.8314,531.3825,40
113,13,556.2088,531.1776,37
113,14,558.3478,532.2949,39
113,15,560.4273,530.3112,38
113,16,557.0512,526.7493,38
113,17,566.3528,525.6432,41
113,18,578.2501,525.7408,40
113,19,573.2367,524.8766,39
113,20,565.129,520.2178,39
113,21,564.6007,520.4936,39
113,22,563.8446,516.5715,42
113,23,557.9614,512.4287,50
113,24,551.1552,510.8602,41
113,25,549.0725,513.1931,41
113,26,556.5939,514.6917,40
113,28,559.7507,509.9022,40
114,1,656.239,1504.8342,41
114,2,650.3566,1499.7648,46
114,3,646.6924,1511.2259,38
114,4,642.9479,1513.8255,41
114,5,632.3783,1515.0502,42
114,6,625.9793,1514.9394,43
114,7,622.3621,1524.3503,41
114,8,624.8231,1533.5923,40
115,1,662.0424,698.186,42
115,2,657.2742,708.103,47
115,3,652.1071,710.6574,39
115,4,647.5343,709.8149,42
115,5,642.625,711.9954,44
115,6,638.2997,710.9375,45
115,7,634.459,711.7175,44
115,8,631.6752,712.4335,42
115,9,630.2392,707.2474,44
115,10,627.9302,704.5774,45
115,11,620.8986,705.1506,43
115,12,614.8018,703.6073,46
115,13,603.1079,701.8718,43
115,14,589.6767,698.7928,42
115,15,578.6865,703.9808,39
115,16,573.5617,697.1704,39
115,17,568.0489,700.249,42
115,18,568.6349,686.902,41
115,19,576.3276,684.38,41
115,20,571.1247,672.6325,42
115,21,570.8436,669.287,40
115,22,571.712,656.3578,44
115,23,569.7982,654.8785,52
115,24,564.4645,655.4654,42
115,25,556.8404,665.6282,42
115,26,550.7432,665.7555,39
115,27,541.7757,669.0377,38
115,28,535.5599,666.576,39
115,29,534.2023,666.3053,43
116,1,693.2684,1338.5288,43
116,2,693.1662,1340.5071,48
116,3,697.3493,1343.755,41
116,4,695.2815,1343.6155,43
116,5,693.7208,1343.5631,45
116,6,687.5471,1346.9435,44
117,1,707.7475,608.3013,45
117,3,720.0856,610.7266,43
117,5,725.7566,611.0673,49
118,1,789.2953,721.9382,50
118,2,796.9261,731.084,57
118,3,790.9463,740.0763,50
118,4,781.9954,744.8093,53
118,5,775.2673,745.9265,55
118,6,771.7393,744.3407,54
118,7,772.0778,749.9141,52
118,8,767.8469,752.6703,52
118,9,763.3579,750.7358,54
118,10,752.8651,753.3486,55
118,11,747.8437,749.9558,54
118,12,743.4028,746.3819,55
118,13,737.7788,749.4349,52
118,14,736.8581,745.4423,54
118,16,733.7274,750.3381,53
118,18,729.9654,749.6785,53
118,19,734.8418,748.5277,55
118,20,735.6825,748.9835,53
118,21,733.2266,751.3888,54
118,22,743.1431,749.3795,60
118,23,734.844,753.8547,67
118,24,740.0117,752.9937,56
118,25,730.266,753.4935,57
118,26,729.9227,757.1829,57
118,27,722.3944,758.1103,55
118,28,719.1205,754.9257,56
118,29,714.0055,765.2661,59
119,1,1041.121,1551.2986,59
120,1,1050.3649,766.0417,61
121,1,1012.4375,288.7779,62
122,1,1197.0221,754.0098,71
123,1,1161.8704,247.1929,73
124,1,1165.0184,442.3359,74
124,2,1161.8799,449.8936,83
124,4,1152.3508,454.4784,78
124,5,1151.0989,454.5511,79
124,6,1149.3522,456.7589,81
124,7,1144.3123,455.162,79
124,8,1135.878,453.9357,79
124,9,1129.6773,458.4577,83
124,11,1122.04,460.3263,81
124,12,1122.8372,464.0955,86
124,13,1114.6766,462.8622,80
125,1,1233.9448,485.4728,76
125,2,1236.2303,491.7222,86
125,3,1233.815,492.7055,76
125,4,1232.2597,496.8018,81
125,6,1225.6304,495.7116,85
125,8,1222.8497,497.9788,83
125,9,1222.6793,495.2343,87
125,10,1218.9411,492.5456,86
125,11,1226.3756,496.9185,88
125,12,1220.085,501.7975,93
125,13,1216.9054,499.1401,88
125,14,1214.6459,505.0593,89
125,15,1210.8049,514.5188,86
125,16,1209.4548,504.244,87
125,17,1201.7491,503.9276,89
126,1,1241.3047,207.6945,78
127,1,1412.3848,1607.3643,88
127,2,1403.9356,1607.6943,95
127,3,1396.3596,1610.9206,86
127,4,1401.1437,1609.0872,93
127,5,1392.228,1608.7339,92
128,1,1470.248,42.2795,89
128,2,1473.0319,41.3729,99
128,3,1478.3137,42.9302,88
128,4,1473.3661,39.8664,96
128,5,1474.7284,35.451,94
128,6,1461.1665,34.4918,98
129,1,1498.984,155.2618,90
129,2,1487.1209,150.3295,98
130,1,1583.3006,105.1046,95
130,3,1580.0163,104.0204,94
131,1,1614.1651,219.7154,97
131,3,1608.3159,226.3473,96
131,4,1605.9348,219.0818,105
131,5,1602.353,210.6759,103
132,2,39.3532,524.5811,3
133,2,147.2031,471.9142,10
133,3,153.525,469.0079,11
134,2,248.1345,773.2048,20
135,2,370.3058,1170.1872,21
135,4,368.5865,1178.1166,23
136,2,326.0569,1299.9363,23
137,2,355.9844,1042.3388,25
138,2,406.553,163.84,28
138,3,419.7399,162.7747,24
139,2,380.7207,1476.1551,29
140,2,468.6288,675.5579,34
140,4,461.6245,672.8687,29
140,5,466.3956,670.1455,34
141,2,482.1405,1543.1643,36
142,2,553.0468,328.4785,38
142,3,550.536,331.1663,31
142,4,544.7443,334.1991,34
142,5,536.8552,338.2604,37
143,2,564.6418,1610.9555,40
144,2,678.0351,1078.8969,41
145,2,611.4732,996.115,42
145,3,616.9486,1001.3208,35
146,2,596.8429,30.8022,45
147,2,730.2481,609.7088,51
147,4,721.5324,603.7389,46
147,6,720.9757,602.2807,49
147,7,717.4472,594.1295,48
147,8,721.2324,586.747,49
147,9,715.9944,580.9886,48
147,10,715.2073,584.0718,51
147,11,715.3744,594.636,50
147,13,718.7649,599.4917,49
147,14,724.924,608.4925,52
147,15,722.4935,611.7684,49
147,16,729.7961,610.6805,50
147,17,731.668,611.6915,52
147,18,739.3296,608.593,55
147,19,737.9522,617.1867,53
147,20,744.3423,615.3497,54
147,21,740.7904,616.6383,57
147,22,747.0486,619.7639,61
147,23,737.9579,617.3236,68
148,2,835.8673,1170.8991,58
149,2,991.271,1528.5903,66
149,3,992.6753,1526.3009,57
149,4,991.3602,1520.6244,61
149,5,980.6274,1518.1691,63
149,6,972.0642,1518.2424,64
149,7,959.6179,1514.9083,62
149,8,952.9323,1511.7601,61
149,9,941.4358,1510.3483,64
149,10,931.1233,1506.8119,64
149,11,919.5763,1505.0047,63
150,2,996.1211,235.5772,67
150,3,997.7711,235.6194,58
150,4,998.6089,234.1241,62
150,5,998.9506,233.959,66
150,6,995.6549,236.9151,65
151,2,1002.7934,904.6534,69
152,2,1064.8955,775.1029,70
152,3,1073.5031,785.3345,65
153,2,1061.4629,466.7382,74
153,3,1057.9077,463.853,64
153,4,1045.5096,468.7212,68
153,5,1035.6641,473.715,68
153,6,1028.0526,469.2356,69
153,7,1024.2887,468.3517,67
153,8,1020.0107,470.3813,66
153,9,1009.6562,477.8527,68
153,10,1003.9477,474.4254,69
153,11,1004.2874,474.9415,69
153,12,1004.0046,478.9725,72
153,13,995.1803,484.3543,68
153,14,990.6712,484.6975,71
153,15,987.4192,490.7848,68
153,16,981.5349,486.1654,69
153,17,979.971,481.9597,73
153,18,982.454,472.8601,74
153,19,975.2292,466.0182,70
153,20,976.8135,469.1752,72
153,21,981.9433,465.4584,73
153,22,973.684,467.8268,76
153,23,970.8505,480.5947,83
153,24,970.27,488.1938,72
153,25,969.1448,487.2165,73
153,26,964.6223,489.1814,70
153,27,960.5556,492.291,67
153,28,965.3827,489.6202,70
153,29,960.0234,493.9365,73
154,2,1091.9381,870.3332,76
155,2,1104.6872,1583.9546,77
155,3,1107.6926,1584.5753,68
155,4,1109.9146,1580.584,72
155,5,1102.8891,1579.9624,73
155,6,1098.0746,1580.4389,76
155,7,1091.4726,1581.8253,74
155,8,1089.8026,1581.3874,73
155,9,1084.7242,1577.5431,75
155,10,1083.5734,1579.2332,76
155,11,1075.2881,1575.5912,75
156,2,1185.178,720.9476,82
156,3,1176.1619,716.828,73
157,2,1230.8371,230.5638,84
157,4,1228.776,222.2809,85
158,2,1251.298,797.0418,88
158,3,1242.6248,800.626,75
159,2,1527.8861,717.5668,101
160,2,1575.4762,633.9908,104
161,2,1578.9648,477.2442,105
162,2,1583.0656,93.774,106
163,2,1609.1753,245.7371,108
164,3,46.6584,590.9536,4
164,4,48.8855,589.4055,4
165,3,148.9298,606.7176,10
166,3,240.0015,1540.6288,15
167,3,287.8964,640.5858,18
167,4,288.948,638.0432,17
167,6,286.5608,640.1096,20
168,3,356.3253,490.6677,19
169,3,357.263,1183.5816,20
170,3,494.8042,1350.3302,29
171,3,526.6191,64.4461,30
172,3,530.1861,1613.9398,32
173,3,606.6606,1244.6117,34
173,4,602.4647,1247.9593,38
174,3,607.387,884.4493,36
175,3,635.2914,1091.055,37
176,3,744.0457,1068.4918,47
177,3,804.6474,1212.0819,48
178,3,974.9249,1608.7039,60
178,4,983.2333,1609.6276,64
178,5,975.6902,1612.239,64
178,6,965.0258,1610.8025,66
178,7,956.0207,1610.7328,63
178,8,953.5071,1611.3462,63
178,9,960.0677,1615.1875,66
179,3,1041.6401,895.4006,61
179,4,1047.5637,887.0369,65
180,3,1113.1379,39.912,63
181,3,1143.8793,387.4314,70
182,3,1165.2906,1325.6247,71
182,4,1164.0714,1338.2899,76
183,3,1202.1752,1438.109,72
183,4,1210.8883,1445.3534,77
184,3,1469.5595,149.3559,87
185,3,1456.462,357.9633,89
185,4,1450.1497,363.2222,95
185,5,1445.4686,369.3577,93
186,3,1566.5933,410.4756,93
187,3,1609.2725,332.3206,97
187,4,1599.028,330.8055,104
187,5,1597.3354,321.3783,101
187,6,1591.7331,314.8235,108
187,7,1582.9556,310.7998,103
187,8,1580.0373,315.7895,103
188,4,79.3301,1518.7945,5
188,6,66.7104,1520.2601,8
188,8,67.0305,1518.2875,7
188,9,71.0677,1516.3348,7
188,11,71.1228,1512.5193,4
188,12,66.4657,1514.6843,4
188,13,63.6557,1509.5001,3
188,14,62.8895,1511.5489,4
188,15,59.0537,1513.7507,4
188,16,60.4081,1510.9845,4
188,17,56.4437,1508.8174,7
188,18,59.6819,1507.8662,6
188,19,57.5046,1511.7181,6
188,20,56.2188,1511.1424,4
189,4,156.7677,448.6228,10
189,5,149.9724,438.6578,13
190,4,233.839,1557.329,14
190,5,224.6499,1552.4065,18
191,4,214.9954,1489.5253,18
192,4,236.0952,1483.746,19
193,4,337.5646,489.6105,20
194,4,351.322,1304.6512,22
195,4,370.5121,1054.0598,26
195,5,371.9517,1051.1175,28
195,6,383.1265,1057.3161,28
195,7,386.4758,1068.5934,27
195,8,391.198,1075.4263,27
195,9,384.6802,1079.2727,27
195,10,380.8031,1069.0082,28
195,11,382.5969,1075.7741,27
195,12,383.4019,1078.4322,30
195,13,389.2778,1081.2847,26
196,4,444.6789,163.1172,27
197,4,480.9506,1367.8932,32
197,5,478.889,1362.1888,32
198,4,513.5147,1611.7546,35
199,4,573.0657,32.8432,37
200,4,617.4104,1047.9416,39
201,4,734.7709,1081.7169,47
201,5,731.8915,1074.7739,50
201,6,730.9706,1063.1556,50
202,4,791.1074,1207.4212,50
203,4,878.0497,704.0731,55
203,5,878.6721,707.2467,58
204,4,934.9959,630.8198,58
204,6,940.6792,630.3963,62
204,7,930.6783,633.5164,59
204,8,926.1281,632.4764,58
204,9,920.6562,626.238,61
204,10,916.7871,617.5245,62
204,12,910.9926,622.7743,66
204,13,908.7945,625.1198,63
204,14,913.6701,624.7507,66
204,15,913.092,625.1408,64
204,16,916.9708,625.0559,66
204,17,915.7659,622.3432,68
204,18,917.2285,616.7333,69
204,19,917.2588,619.1705,66
204,20,920.8029,612.0055,67
204,21,917.9846,611.977,68
205,4,995.6745,1034.6882,60
205,5,985.5336,1026.565,61
205,6,983.0643,1019.3607,63
206,4,1053.3295,756.4792,66
206,5,1060.0938,745.1535,70
206,6,1059.8433,734.7713,72
206,7,1059.3358,742.5366,70
206,8,1058.9196,736.4487,70
206,9,1057.6767,733.5251,73
206,10,1058.1471,739.7057,72
206,11,1056.5737,734.3526,73
206,12,1057.66,736.2346,76
206,13,1051.4133,730.1962,72
206,14,1048.3196,725.202,76
206,15,1050.1429,730.7204,72
206,16,1048.1322,729.9875,75
206,17,1045.7414,729.224,77
206,18,1042.6687,727.5127,78
206,19,1040.3576,731.9072,74
206,20,1036.9196,733.0019,74
206,21,1034.5221,726.2058,74
206,22,1028.0772,726.9094,77
206,23,1024.2442,728.5999,89
206,24,1016.1758,721.9504,78
206,25,1018.97,725.759,78
206,26,1023.7082,725.6335,74
206,27,1021.4031,725.4999,73
206,28,1020.4942,719.8531,77
206,29,1024.3191,728.7586,81
207,4,1064.0614,121.9993,70
207,5,1057.759,120.1261,71
208,4,1126.1103,46.2473,73
208,5,1124.4289,46.404,75
208,6,1125.0323,50.5849,78
208,8,1118.4295,51.9414,75
208,9,1127.3261,49.3735,79
208,10,1122.487,58.4124,79
209,4,1192.6605,741.8023,79
210,4,1224.2809,847.8843,82
210,5,1232.8252,844.0759,83
211,4,1407.4232,489.6172,88
211,5,1397.4736,490.685,87
211,6,1400.6742,492.3748,90
211,8,1401.3205,496.7836,89
211,10,1403.7169,502.621,91
212,4,1385.4113,1503.5038,90
212,5,1386.4738,1510.2453,89
212,6,1386.7002,1518.1957,95
212,7,1387.5097,1528.5403,93
212,8,1386.432,1536.7629,93
212,9,1386.0804,1543.1818,97
212,10,1389.7474,1549.3503,96
212,11,1392.6385,1554.0024,95
212,12,1390.3126,1557.306,102
212,13,1393.7356,1551.4072,98
212,14,1382.7848,1543.9987,100
212,16,1380.9312,1537.0522,95
212,17,1389.2485,1544.1802,99
212,18,1389.9649,1539.2768,101
212,19,1384.2634,1531.6277,95
213,4,1451.3564,155.8539,94
214,4,1459.7281,1449.0437,97
214,5,1457.3965,1438.8921,95
214,6,1450.2093,1439.4495,99
214,7,1443.9719,1443.1079,96
214,8,1439.0541,1437.5288,95
215,4,1533.3241,732.8,98
216,4,1536.5884,498.6127,100
217,4,1566.1323,105.7844,101
218,5,14.9713,224.9152,2
218,6,10.9908,227.8337,2
219,5,20.9517,310.8063,5
219,6,25.5606,310.309,7
219,7,25.6969,301.3538,2
219,8,31.5173,310.42,2
219,9,30.8753,313.3194,2
219,10,25.9278,319.5194,1
219,11,27.1739,322.6159,1
219,12,25.4439,325.5851,1
219,13,31.086,316.9289,1
219,14,23.67,318.9231,1
219,15,25.3747,314.7244,1
219,16,24.1145,306.7093,1
219,17,25.3268,309.0755,1
219,19,20.1309,311.8442,4
219,20,16.4617,307.5016,5
219,21,22.5235,300.2851,1
219,22,23.5359,294.0205,1
219,23,25.537,285.7476,1
219,24,26.3188,287.7924,1
219,25,28.5795,278.9147,1
219,26,36.1843,275.7489,1
219,27,31.8261,274.8831,1
219,28,31.2273,271.5588,6
219,29,22.2184,280.3647,4
220,5,44.3364,537.5596,6
220,6,43.0042,529.296,3
220,8,47.1353,526.0207,3
220,9,46.9106,519.7376,3
220,10,43.654,513.3245,2
220,12,42.2681,511.0265,2
221,5,56.6177,624.8216,7
221,6,60.2499,616.3766,4
221,8,54.8139,619.6684,4
221,9,61.6781,612.4015,4
221,10,61.8868,605.4059,6
221,12,59.1977,606.1182,6
221,13,61.5318,595.5123,5
221,14,56.3022,598.754,3
222,5,94.6913,40.0546,11
222,6,95.1572,43.0223,10
222,7,103.9642,41.3986,9
222,9,97.7663,44.3136,9
223,5,296.1115,645.6247,21
224,5,322.9089,494.086,22
224,6,315.3569,490.77,22
224,7,307.2398,495.9669,18
224,8,299.2499,496.8494,19
224,9,298.2997,495.3367,18
224,10,295.8939,500.2625,19
224,11,287.2414,496.5634,19
224,12,281.782,497.4996,22
225,5,366.3087,1199.1194,23
225,7,374.5913,1202.5149,24
225,8,363.0415,1200.8245,23
225,9,360.7138,1199.1805,22
225,10,354.7322,1200.9871,23
225,11,344.4001,1202.2812,22
225,12,345.5221,1207.9738,25
226,5,343.1603,1328.7723,25
226,6,335.2384,1319.9988,23
227,5,333.4278,1553.0174,26
227,6,326.7854,1541.6317,25
227,7,322.6166,1531.3817,23
227,8,330.3409,1531.469,26
227,9,336.6144,1532.0101,24
227,10,344.524,1534.5808,26
227,11,349.8928,1539.8066,25
227,12,347.9885,1545.1895,29
227,13,341.128,1547.411,25
227,14,337.6205,1556.3172,27
227,15,328.4436,1560.8109,25
227,16,329.7919,1552.0971,26
227,17,327.1443,1554.029,28
227,18,327.2212,1558.8874,28
227,19,317.9375,1556.4665,26
228,5,466.7446,162.3599,29
229,5,499.9083,1607.5383,36
229,6,488.8461,1605.4193,35
230,5,588.3434,1248.9002,39
230,6,588.7755,1250.9372,39
230,7,577.6311,1251.1896,38
230,8,573.1767,1258.6583,38
230,10,579.896,1262.2042,39
230,11,574.5589,1266.2813,38
230,12,566.7093,1270.9461,41
230,13,557.3702,1277.2206,38
230,15,557.2012,1284.9986,37
231,5,624.0707,1035.6485,40
232,5,595.6975,29.5542,43
232,6,588.0207,37.0105,40
232,7,595.9409,35.8736,40
233,5,747.9035,1231.2819,52
233,6,746.5179,1226.9101,51
234,5,827.9998,1183.7088,56
234,6,825.4646,1187.7113,56
235,5,1188.4405,1443.8807,76
236,5,1204.9099,725.895,78
236,6,1205.0428,717.9403,84
237,5,1231.2844,273.047,81
237,6,1221.1409,269.493,83
237,7,1214.206,268.3201,81
237,8,1208.4791,270.4751,81
237,9,1210.5849,271.5825,85
237,10,1205.339,270.2379,83
237,12,1198.7615,272.5187,89
238,5,1403.5592,160.1498,85
239,5,1551.7876,105.4976,96
240,5,1549.095,639.5062,97
241,5,1585.7538,1057.8938,100
241,6,1584.9583,1065.3665,107
242,5,1614.858,887.2139,104
243,6,195.0541,1376.9229,12
244,6,145.05,423.7447,13
244,7,131.8256,421.451,10
244,8,126.6486,423.8312,11
244,9,121.5767,424.0344,10
244,10,125.0005,415.4995,11
244,11,111.4478,416.3924,11
244,12,110.5709,419.0968,13
245,6,152.7556,616.9452,14
246,6,178.2191,838.892,16
246,7,176.2372,839.4661,13
246,8,186.2001,837.8466,15
246,9,184.0475,834.1819,14
246,10,187.395,831.418,16
246,11,192.3725,825.514,16
246,12,196.8327,827.4189,19
246,13,198.7082,825.9423,14
246,14,206.0145,822.024,18
246,15,216.5626,823.4106,16
246,16,223.7597,827.6056,20
246,17,235.0857,826.1724,22
246,18,235.3352,820.6478,23
246,19,240.5661,818.4541,20
246,20,238.2432,814.0594,21
246,21,234.8358,812.2575,21
247,6,224.9169,1567.2248,18
247,7,226.8226,1562.1509,16
247,8,225.762,1564.1293,17
247,9,225.4488,1573.7083,17
247,10,225.9188,1572.9645,18
247,11,218.266,1575.5802,17
247,12,214.6256,1581.6867,20
247,13,204.1912,1580.9117,16
247,14,199.1098,1579.8489,17
247,15,194.1395,1580.186,15
247,16,182.3235,1578.0239,15
247,17,173.2846,1580.0621,16
247,19,163.0348,1577.2125,15
248,6,384.8757,1187.9605,26
249,6,449.7319,669.9332,30
250,6,463.3502,1357.8605,31
251,6,487.2032,171.605,32
251,7,496.8472,170.3754,32
252,6,521.4579,343.1187,37
252,7,516.6977,347.0999,36
252,8,513.7034,357.0637,35
252,9,508.832,365.1762,35
252,10,507.61,374.9571,35
252,11,502.318,374.8533,33
252,12,505.6381,383.6047,37
252,13,506.8509,384.1531,34
252,14,501.14,388.2387,33
252,15,500.301,395.7957,33
252,16,503.6737,395.6544,33
252,17,496.9785,406.1573,35
252,18,498.4155,404.3129,35
252,19,495.4565,408.7946,35
252,20,489.5164,404.0614,36
253,6,629.664,975.3015,41
254,6,791.4942,1612.2606,55
254,7,784.9638,1612.5383,54
255,6,872.7112,721.0899,58
256,6,989.8339,367.145,67
256,7,982.7468,370.4363,65
256,8,981.2178,375.9202,64
256,9,983.7818,376.236,67
256,10,982.43,376.6073,68
256,11,988.5775,377.1261,68
256,12,987.6353,373.0944,71
256,13,985.2194,377.6365,67
256,14,980.3414,382.2886,70
256,15,975.9494,380.9465,67
256,16,977.6782,381.9827,70
256,17,965.4395,382.9418,71
257,6,999.2343,884.2666,68
257,7,993.1165,873.0456,66
257,8,996.9384,865.7498,65
257,9,999.8373,867.1657,69
257,10,993.7714,866.327,67
257,11,988.2704,857.8381,67
257,12,988.977,862.0909,70
257,13,986.034,866.3256,66
257,14,986.1671,869.4595,68
257,15,983.3811,871.9715,66
257,16,980.7365,869.4327,68
257,17,977.4069,867.9397,70
258,6,1080.6388,137.8846,73
258,8,1076.6295,140.2688,71
258,9,1071.9357,138.1237,74
258,10,1067.6202,142.7894,70
259,6,1080.2138,861.435,75
259,7,1083.9421,866.4574,72
260,6,1174.7815,1390.695,80
261,6,1181.2851,835.9766,82
262,6,1389.9446,168.1407,89
263,6,1374.3205,1608.0109,94
263,7,1364.4719,1612.0744,89
263,9,1360.0655,1614.6131,96
264,6,1428.0633,372.5711,97
264,7,1417.6716,368.6917,91
264,8,1409.9369,367.7105,92
264,9,1402.105,372.7605,93
264,10,1398.1578,365.9784,94
265,6,1514.2919,105.4962,100
266,6,1527.2868,717.4282,101
266,7,1520.1333,721.2725,98
266,8,1516.1702,723.3942,98
266,9,1512.2713,722.5687,102
266,10,1508.4479,721.2881,101
266,12,1505.86,724.287,110
266,13,1506.292,723.7338,104
267,6,1553.3433,604.185,103
267,7,1555.4352,612.5948,99
267,8,1559.8255,623.5026,101
267,10,1556.4986,627.1005,104
267,11,1556.8815,626.7518,105
267,12,1558.7789,626.6113,112
267,13,1553.0253,622.1991,106
267,15,1559.6464,630.2593,105
267,16,1562.5653,634.4222,106
267,17,1563.8495,632.5062,107
267,19,1562.3198,630.4646,105
267,20,1566.2911,630.9723,115
267,21,1565.6508,625.9095,113
267,22,1569.6001,629.4087,114
267,23,1570.9822,634.3918,120
267,24,1565.7705,632.9488,109
267,25,1565.9696,634.9353,112
267,26,1564.317,627.2312,110
267,27,1565.4883,628.1573,109
267,28,1565.1132,622.1313,110
267,29,1563.4185,613.5657,114
268,6,1528.3225,486.9048,104
269,6,1566.9652,411.3322,106
269,8,1556.6892,414.4232,102
269,9,1549.9948,414.2602,105
269,10,1556.2235,413.1686,105
269,11,1558.4746,414.0254,107
270,6,1592.8326,192.3903,109
271,6,1597.9409,1500.2014,110
271,7,1597.1842,1504.9899,106
271,8,1590.0027,1510.2511,106
271,9,1588.0159,1515.6824,108
271,10,1583.9011,1515.6798,108
271,11,1582.864,1514.0342,109
271,12,1579.0122,1510.1865,117
271,13,1571.597,1514.4601,108
271,14,1567.2148,1521.9295,108
272,6,1600.6203,47.0638,111
273,6,1608.1416,871.3065,112
273,7,1603.1824,865.7288,107
273,8,1600.7147,865.3654,108
273,9,1597.7163,872.4374,109
274,7,50.9029,577.6557,3
275,7,47.3126,948.3871,5
275,8,51.0884,954.6983,5
275,10,62.4123,959.821,5
276,7,108.9368,1079.2845,6
277,7,58.6305,1525.5987,7
278,7,168.8401,1413.9916,11
278,9,169.1679,1409.4876,11
279,7,142.6506,637.5494,12
279,8,149.7159,630.6009,13
279,9,151.9047,627.0687,12
279,10,154.487,628.2658,13
280,7,216.2624,1352.9732,15
281,7,267.5612,639.8931,17
281,8,268.9358,649.3749,18
281,9,274.655,645.4559,19
281,10,271.3046,650.5169,20
281,11,264.4149,640.2396,18
281,12,260.4825,639.3609,21
281,13,258.8861,636.1386,18
281,14,256.8406,637.7037,20
281,15,255.3625,639.9951,19
281,16,253.7322,628.4457,19
282,7,281.2291,1315.4458,21
283,7,360.2294,1351.628,26
283,8,358.3732,1356.9648,24
283,9,364.0967,1366.3423,26
283,10,369.1906,1362.9311,27
283,11,363.8988,1366.4752,24
284,7,432.2973,671.7977,28
284,8,430.6906,677.2135,28
284,9,428.2311,676.5897,28
284,10,423.9818,685.6693,29
284,11,413.0144,683.3848,28
284,12,410.8819,679.4227,32
284,13,398.5023,682.6896,27
284,14,395.3701,681.4239,28
284,15,389.7525,684.4088,27
285,7,461.5826,1375.8624,31
285,8,458.2733,1389.161,30
285,9,456.5278,1397.5349,30
285,10,460.7392,1399.8464,31
285,11,473.0927,1405.1127,31
286,7,472.0959,1602.8876,34
286,8,468.5657,1601.5743,32
286,9,473.7242,1602.1081,33
286,10,475.0301,1600.8783,33
286,11,474.4232,1599.3216,32
286,12,473.0725,1602.2933,34
287,7,645.9735,1056.3537,39
287,8,651.2983,1062.0532,39
288,7,636.6306,885.5951,42
289,7,664.0234,1368.9512,43
289,8,669.8709,1374.8158,43
290,7,725.1538,1237.2084,49
290,8,726.6054,1236.2139,48
290,9,731.6711,1240.9872,51
291,7,810.1465,1182.7845,53
291,8,810.1436,1182.8111,53
291,10,804.8658,1191.3733,56
292,7,863.2376,745.6266,56
292,8,858.2606,739.4463,55
292,9,857.5973,740.9979,59
292,10,855.8415,738.3809,59
292,11,855.9391,738.6813,59
292,12,859.8945,743.8949,62
292,13,862.6953,742.6719,58
292,14,869.5096,737.7849,61
292,15,877.1954,736.502,61
292,16,888.402,730.6717,63
292,17,891.4188,731.6837,67
292,18,896.8548,725.2243,67
292,19,899.6248,720.2841,65
292,20,902.3967,714.817,66
292,21,903.4157,713.575,67
292,22,895.1965,716.5726,71
292,23,892.0422,729.7718,78
292,24,878.4949,729.2202,67
292,25,874.8901,728.611,68
292,26,872.7619,737.714,65
292,27,863.7017,737.3587,63
292,28,861.6733,736.2847,66
292,29,853.9913,744.7574,69
293,7,875.7948,1370.5797,57
294,7,967.8353,1012.3027,61
294,8,961.8933,1009.3748,59
294,9,960.4473,1004.3129,63
294,10,951.4462,1000.3621,65
294,11,942.8372,991.2019,65
294,12,934.8493,995.8597,67
294,13,930.0574,1001.3474,62
294,14,923.0539,996.7238,65
295,7,988.6795,222.9677,64
296,7,1018.7161,305.0384,68
296,8,1019.2688,315.941,67
296,9,1025.5496,313.0047,71
296,10,1030.0546,310.892,71
296,11,1026.6772,311.2253,71
296,12,1025.1456,307.8153,75
296,13,1023.4628,305.1727,70
296,14,1023.3885,302.8384,74
296,15,1025.3158,296.8054,70
296,16,1024.0318,292.9325,73
296,17,1016.7873,293.9513,76
296,18,1022.0403,294.0409,77
297,7,1108.6676,999.3266,75
297,8,1103.1658,1005.4185,74
297,9,1097.1887,1008.6499,77
297,10,1088.0601,1008.8328,77
297,11,1083.2924,1007.071,76
297,12,1077.0174,1009.7324,80
297,13,1073.9165,1008.4515,75
297,14,1071.1102,1008.0674,79
297,15,1064.6631,1001.0661,76
297,16,1055.8034,999.5257,78
297,17,1046.1754,998.9976,78
297,18,1041.8516,1002.934,80
297,19,1035.0104,1000.4438,76
297,20,1028.7164,999.4246,77
297,21,1026.4071,997.3725,78
297,22,1024.3949,1006.0916,81
297,23,1019.0146,1010.0211,88
297,24,1008.9311,1016.2767,74
297,25,1008.7499,1024.779,76
297,26,1003.9865,1036.1912,71
297,27,1004.5278,1042.3338,70
297,28,1000.0442,1041.6399,71
297,29,992.9251,1045.76,74
298,7,1161.1172,1348.7569,77
298,8,1164.029,1352.6688,78
298,9,1158.0238,1355.558,81
299,7,1186.5739,1464.4102,78
299,8,1186.6044,1469.1229,77
299,9,1173.5234,1464.5726,82
300,7,1191.3505,695.4238,80
300,8,1188.3483,703.6592,80
300,9,1194.6906,709.6218,84
300,10,1194.5404,711.4807,84
300,11,1191.7471,718.0969,82
300,12,1194.0237,721.176,88
300,13,1198.3477,709.3341,84
301,7,1209.1799,819.9003,82
301,8,1209.0754,825.3966,82
302,7,1358.9762,173.009,86
302,8,1352.0869,176.4895,87
303,7,1394.0748,486.9473,88
304,7,1444.9265,27.9411,95
304,8,1438.2006,29.0763,96
304,9,1449.4037,27.2911,101
304,10,1446.0229,27.7836,97
304,11,1433.7324,24.9443,96
304,12,1424.0108,22.3125,104
305,7,1484.8777,99.8839,97
306,7,1539.5688,433.9997,100
307,7,1580.9279,36.2747,104
307,8,1585.4654,41.6013,107
307,10,1581.8903,38.9333,109
307,11,1586.0864,37.1462,111
308,7,1588.0568,178.6842,105
308,8,1584.9413,175.6567,104
308,9,1578.3386,164.3681,107
309,7,1609.3481,1053.2154,108
310,8,85.7639,1057.2426,9
310,10,75.0423,1063.8336,9
310,11,73.0227,1058.0097,9
311,8,115.7259,51.8656,10
311,10,109.5298,47.185,10
311,11,108.5903,51.1381,10
312,8,158.6027,1403.1832,12
312,10,157.902,1396.8224,12
313,8,508.4215,178.0963,33
313,9,517.0911,182.3462,34
313,10,524.5831,188.4897,36
313,11,524.6632,185.1652,35
313,12,528.1693,191.5829,38
313,13,533.3782,195.3816,36
313,14,532.7854,194.1961,37
313,15,539.9186,195.4839,36
313,16,543.6302,189.5518,37
313,17,549.3385,182.5911,40
313,18,553.4439,174.1023,39
313,19,557.4494,175.4289,38
313,20,564.7787,171.3547,40
313,21,566.3232,172.1064,41
313,22,564.7122,180.9416,46
313,23,567.5698,183.5011,53
313,24,573.6793,186.3032,45
313,25,583.7193,185.1583,46
313,26,581.0766,187.0019,41
313,27,593.7297,181.6325,44
313,28,592.7919,179.9144,43
313,29,590.7969,176.4584,49
314,8,550.6048,52.3048,36
315,8,713.1484,400.0579,44
316,8,688.3422,915.6186,46
316,9,694.4794,904.6333,50
317,8,865.2608,1380.2239,56
318,8,971.0724,231.592,62
318,9,964.2814,237.9288,65
318,10,953.6433,243.8634,66
318,11,948.7813,241.8092,66
318,12,939.9957,250.3119,69
318,13,945.9126,249.3856,65
318,14,945.7186,247.2408,67
318,15,942.8192,245.2492,65
318,16,945.165,240.6238,67
318,17,943.7576,244.2813,69
318,18,943.4341,247.1041,70
318,19,946.5869,252.6314,67
318,20,947.9464,239.4144,69
318,21,955.5979,236.4349,71
319,8,1466.9576,103.7997,97
320,8,1595.8228,1048.8801,105
321,9,70.1012,1003.0754,5
322,9,229.2172,1364.7297,16
322,10,225.1817,1366.5232,17
323,9,588.4468,1260.4048,38
324,9,595.7746,1025.7595,39
324,10,591.3677,1025.4883,40
324,11,588.8848,1025.1038,39
324,12,593.4346,1023.4491,42
325,9,614.9317,1115.0183,40
325,10,610.4322,1120.26,41
325,11,610.8442,1119.6156,40
325,12,609.1187,1123.8209,43
325,13,606.4613,1124.2766,40
326,9,615.885,33.755,42
326,10,612.9636,31.8607,43
326,11,607.6379,37.9783,42
326,12,604.9811,39.38,45
326,13,598.5402,44.807,42
326,14,599.76,43.8258,44
326,15,597.6796,45.0249,43
327,9,623.1558,1561.7234,43
327,10,630.0439,1568.5778,44
327,11,636.6307,1576.1953,44
327,12,642.91,1584.6336,48
327,13,649.1053,1591.2962,45
327,14,656.8441,1600.9359,46
327,15,660.8754,1604.168,45
327,16,660.8013,1605.2951,46
327,17,659.129,1609.0008,48
327,18,659.2583,1613.3285,48
328,9,662.6232,1389.8793,45
329,9,727.8746,1058.861,52
329,10,728.8253,1064.7708,52
329,11,729.3297,1060.8268,52
329,12,726.3869,1062.3097,54
329,13,727.8273,1060.031,51
329,15,726.6386,1066.639,51
329,16,731.3292,1068.0649,51
329,17,732.4773,1068.5387,53
329,19,732.0523,1071.6974,54
330,9,796.4041,1152.4062,56
331,9,847.335,1387.0885,58
332,9,1012.368,16.4621,72
332,11,1015.6801,18.4507,70
333,9,1095.7891,873.8424,78
333,10,1092.6081,874.7078,78
333,11,1088.8456,876.4669,78
333,12,1087.9842,878.2111,82
333,13,1086.4407,881.9639,77
333,14,1091.0175,888.0618,82
333,15,1096.2799,887.1713,79
333,16,1100.9953,888.9233,82
333,17,1094.3019,892.9349,82
334,9,1335.0577,192.327,90
335,9,1376.2088,508.2399,91
335,11,1372.7475,508.8233,92
335,12,1373.9722,516.6317,100
336,9,1440.5289,112.9312,99
337,9,1432.4386,1451.7473,100
337,10,1435.6413,1451.0614,100
337,11,1431.7619,1459.0036,99
337,12,1424.2372,1457.4783,106
338,9,1559.8252,307.6666,106
339,9,1595.7043,33.2641,110
340,9,1607.4936,1030.2481,111
341,10,60.3315,1525.5232,8
342,10,653.1271,1406.0408,46
343,10,711.9693,1249.2514,50
343,11,712.314,1258.0624,51
343,12,717.5148,1255.0313,51
344,10,836.7773,1376.3729,58
345,10,870.9563,11.062,61
345,11,872.8866,15.5555,61
345,12,874.9826,20.4233,64
345,13,862.893,20.1138,60
345,14,859.6859,20.9532,62
345,15,851.2282,21.5272,59
345,16,839.8884,22.5986,60
345,17,828.3217,19.2364,62
345,18,819.2748,25.0531,63
345,19,810.9318,21.1806,60
345,20,798.2998,21.9263,61
345,21,797.4675,20.2965,62
346,10,1167.7608,1412.983,81
346,11,1156.5501,1409.0406,79
347,10,1119.6607,468.5647,82
348,10,1202.2574,855.8608,85
349,10,1314.6665,213.4512,89
350,10,1360.3461,839.6317,95
350,11,1357.1996,835.2904,91
350,12,1355.3936,837.503,98
350,13,1356.1783,835.932,96
350,14,1352.1953,844.021,97
350,15,1349.6449,849.7771,93
350,16,1337.6074,844.6681,92
350,17,1335.3826,842.7981,96
350,18,1333.6762,839.9713,97
350,20,1329.2542,842.234,97
350,22,1336.1776,845.7443,99
351,10,1422.9678,123.5811,98
351,12,1415.6797,127.1764,105
352,10,1573.3083,296.9137,106
352,11,1570.1004,303.3243,106
352,13,1563.9246,303.0983,109
352,14,1565.8117,300.5471,109
353,10,1566.7739,153.5341,107
353,11,1566.0171,147.4171,108
353,12,1567.2344,148.1825,115
353,13,1568.1542,134.3719,110
353,14,1561.4045,128.8662,107
353,15,1566.778,118.9142,110
353,16,1568.7864,117.8294,109
353,17,1567.2681,113.3705,109
353,18,1564.7891,112.0943,110
353,19,1562.6952,107.2459,106
353,20,1559.5,102.0807,110
353,21,1558.1472,109.6068,112
353,22,1554.5697,103.6215,112
353,23,1544.582,102.7534,119
354,10,1588.2788,860.5071,110
355,10,1604.9246,1016.0888,111
355,11,1598.7948,1006.7753,112
355,12,1592.1192,1002.3694,119
355,13,1584.9001,992.7202,113
355,14,1582.8335,985.1431,112
355,16,1569.6367,988.7991,108
355,17,1568.026,992.0598,110
356,11,54.0372,565.9478,2
357,11,14.0224,858.0726,5
358,11,75.6174,953.7991,7
358,12,85.0348,956.9804,12
358,13,81.8291,949.9349,7
358,14,91.7422,952.6181,10
358,15,93.7648,961.5052,8
358,16,95.2396,971.0546,7
359,11,193.232,1368.8461,12
359,12,199.501,1378.5105,17
359,13,189.86,1380.0758,13
359,14,183.178,1387.1549,13
359,15,181.3325,1390.8695,13
359,17,171.849,1384.7103,14
359,19,162.8209,1384.2747,13
359,20,166.222,1385.4995,14
359,22,158.4975,1396.5361,14
360,11,140.649,629.2308,13
360,12,142.0504,634.5001,14
360,13,143.1854,635.1679,11
360,14,145.2351,631.2949,14
360,15,142.905,634.7551,12
360,16,143.9704,638.9358,14
361,11,178.7813,1091.3876,14
361,13,172.169,1095.4347,12
362,11,270.2622,939.5902,20
362,12,268.902,942.6969,23
363,11,366.7034,845.807,26
364,11,640.4031,1420.4721,45
364,12,629.3959,1425.9386,47
364,13,625.0742,1436.2518,44
364,14,619.4529,1445.6961,45
364,15,623.6932,1457.4205,44
364,16,622.2961,1462.7464,44
364,17,621.137,1469.6426,47
364,18,616.7034,1469.9361,46
364,19,620.7622,1471.9572,45
364,20,628.3136,1479.0773,46
364,21,625.2122,1475.1287,46
365,11,731.8659,284.1045,46
365,12,737.6083,291.6205,49
365,13,726.5804,293.8404,46
365,14,728.1628,290.0962,48
365,15,730.1865,292.1789,47
365,16,730.7412,292.2502,49
365,17,726.7781,294.6302,51
365,18,717.4422,297.3691,50
365,19,719.3634,291.1192,51
365,20,714.3555,294.3617,50
365,21,707.6128,294.2944,49
365,22,700.6736,289.4952,53
365,23,699.4225,296.5545,60
365,24,697.9356,307.2894,51
365,25,701.2287,317.0945,50
365,26,704.1112,323.6219,49
365,27,704.0134,330.1251,48
365,28,699.223,335.9083,50
366,11,682.4765,917.3865,49
367,11,788.1442,1187.662,53
367,13,777.6314,1193.4704,53
368,11,821.4475,1380.9199,57
369,11,983.2727,599.0939,62
370,11,1027.428,118.3264,72
370,12,1037.0489,123.6795,73
370,13,1031.7156,130.9242,69
370,14,1029.8225,122.9338,72
370,15,1027.7759,133.5579,69
371,11,1102.8306,59.4353,77
371,12,1099.6147,61.0865,81
371,13,1091.177,57.6432,76
371,14,1077.9966,55.8259,73
371,15,1082.2273,60.2216,75
372,11,1178.6384,12.1378,83
372,12,1183.7393,12.3467,91
372,13,1183.1886,16.9461,86
372,14,1193.8088,13.7805,87
373,11,1215.1764,284.1798,84
374,11,1213.1093,876.6699,85
375,11,1299.3246,178.2539,89
376,11,1409.6998,132.7098,97
377,11,1439.274,375.4087,100
378,11,1468.5656,495.2603,101
378,12,1476.778,496.7745,108
379,11,1494.8784,720.6938,103
380,11,1587.2128,844.7688,110
380,12,1586.9439,837.2168,118
380,13,1579.7883,832.6078,111
380,14,1579.5663,824.4832,111
380,15,1579.1142,817.4179,111
381,12,9.9686,109.9178,5
382,12,10.2378,705.2477,7
382,14,11.2903,715.2973,6
382,16,13.4097,714.2233,6
382,17,11.1361,719.6866,6
382,18,11.1892,730.1149,7
382,19,10.276,732.9204,5
382,20,9.688,735.0403,2
382,21,16.3017,742.3437,6
382,22,11.7849,741.5565,3
382,23,10.9824,754.3333,3
383,12,92.5344,41.9885,8
383,13,102.1364,43.0722,9
383,14,105.6879,42.3142,11
383,15,104.4266,45.4006,10
383,16,104.9175,44.3405,10
383,17,102.9857,46.4588,9
383,18,112.765,44.071,11
383,19,108.5105,48.7734,10
383,20,113.4728,40.7754,10
383,21,125.1033,45.4807,12
383,22,123.2929,40.873,10
383,23,125.6224,41.7185,10
383,24,119.692,40.2599,10
383,25,129.2925,40.1214,11
383,26,130.4401,43.9999,11
383,27,124.1604,40.1595,10
383,28,132.5579,42.8364,10
383,29,134.5092,47.5728,7
384,12,71.7151,1081.0868,9
384,14,68.3282,1079.2655,8
384,15,73.3329,1091.872,7
384,16,78.7659,1099.9714,11
384,17,78.0932,1109.4714,8
384,18,79.9071,1119.2565,8
385,12,184.3977,1435.7127,15
386,12,308.294,64.7594,24
386,13,312.2838,75.7857,21
386,14,319.3732,83.4623,23
386,15,327.5797,91.7306,23
386,16,333.9179,94.7774,25
386,17,333.5948,95.0161,26
386,18,337.5254,94.6107,27
386,19,338.4856,88.0506,25
386,20,339.101,91.5454,26
386,21,343.6563,95.0373,26
386,22,340.6781,93.3994,28
386,23,337.2491,94.7755,35
386,24,337.9534,88.022,27
386,25,341.5596,85.1147,26
386,26,340.066,85.3447,25
386,27,339.7477,77.5382,26
386,28,335.5207,68.9595,26
387,12,343.9149,1373.4341,27
387,13,338.3946,1372.4931,23
387,14,342.3353,1361.5222,25
388,12,477.3601,1420.2238,35
389,12,725.5093,590.7479,52
390,12,731.1633,393.2826,53
391,12,758.6725,1160.5158,56
392,12,806.0682,1380.4934,59
392,13,800.0748,1371.7382,56
393,12,823.6421,1225.8175,61
394,12,905.2046,1504.5029,65
394,13,897.9849,1493.0279,61
394,14,895.5622,1486.076,64
394,15,891.7148,1486.8895,63
394,16,884.7234,1488.2317,64
394,17,876.405,1482.7552,64
394,18,873.4598,1476.4149,65
394,19,870.2933,1483.197,62
394,20,870.1628,1478.9294,63
394,21,866.595,1474.7739,65
394,22,863.6348,1473.7249,69
394,23,861.073,1485.7099,76
394,24,851.3874,1481.9318,65
394,25,845.6276,1484.436,65
394,26,844.6633,1477.9863,64
394,27,843.5182,1480.2643,62
394,29,833.6189,1474.5396,66
395,12,1058.5796,1575.5717,79
395,13,1060.6426,1578.1801,73
395,14,1065.0995,1576.8371,77
395,15,1053.9185,1571.8486,73
395,16,1058.1588,1579.7042,77
395,17,1061.8352,1585.8546,80
395,18,1054.7535,1584.1493,81
395,19,1057.1351,1584.8514,77
395,20,1055.7566,1590.7524,79
395,21,1056.6817,1590.6932,80
395,22,1051.3472,1589.1569,82
395,23,1042.2836,1591.1733,90
395,24,1033.8896,1591.3355,79
395,25,1032.0282,1593.4165,81
395,26,1029.3981,1591.4488,78
395,27,1024.9279,1583.9371,77
396,12,1129.885,1362.2449,83
396,13,1117.7254,1356.6847,78
397,12,1164.8195,1472.6405,84
398,12,1136.7906,1615.6632,87
399,12,1197.1835,869.6012,90
399,13,1191.9989,866.4928,85
400,12,1303.4643,276.7403,95
401,12,1325.7754,198.1729,97
401,13,1330.9975,207.3212,91
402,12,1405.5102,380.4894,103
402,14,1407.2329,379.2552,95
403,12,1490.7585,989.6977,109
403,13,1480.4172,995.7704,103
403,14,1472.6405,1002.1607,103
403,15,1464.655,1011.6445,101
403,16,1454.4579,1020.7138,100
403,17,1446.5098,1023.6666,102
403,18,1437.6332,1027.6849,103
403,19,1431.4588,1031.2339,99
403,20,1432.7803,1026.6767,104
403,21,1428.7787,1026.6535,103
404,12,1564.6175,284.1972,113
405,12,1570.6924,29.7394,114
405,13,1577.6152,22.126,112
406,12,1568.3812,424.6944,116
406,13,1562.7654,420.1788,107
407,13,36.2382,494.1616,4
407,14,36.1315,502.9037,5
408,13,110.8982,402.8221,10
408,14,100.9565,400.9823,12
408,15,93.9104,396.7148,11
408,16,91.8566,391.149,12
408,17,89.6468,388.2831,12
408,18,88.1225,386.6893,12
408,19,77.7696,390.6209,11
408,20,69.4919,385.6362,11
408,21,76.3499,381.9463,9
408,23,69.3946,390.398,9
408,24,68.7883,390.1808,8
408,25,74.966,390.8269,7
408,26,71.3196,400.5276,7
408,27,64.1688,404.9808,7
408,28,54.4242,412.3424,8
408,29,56.2518,412.8621,2
409,13,265.5406,491.7604,17
409,14,260.1412,489.2852,19
409,15,254.1932,487.8363,18
410,13,254.7319,943.1016,19
410,14,254.4847,940.6612,21
410,15,263.783,939.1793,20
410,16,261.4177,945.2497,21
410,17,270.8367,937.9449,23
410,18,268.7617,944.3458,24
410,19,270.4021,939.8384,21
410,20,272.698,937.9014,22
410,21,270.6647,937.5367,22
410,22,273.9413,939.1261,24
410,23,270.3937,945.6022,29
410,24,270.5598,950.1909,23
410,25,271.0101,952.4828,19
410,26,274.3465,953.0141,20
410,27,273.2189,956.4855,20
410,28,266.2027,954.9665,21
410,29,267.0411,946.0613,24
411,13,326.7926,1195.45,20
411,14,327.7479,1189.7746,22
411,15,330.982,1202.1239,21
411,16,337.7654,1206.2308,23
411,17,336.3427,1208.2228,24
411,18,335.9007,1209.4042,25
411,19,325.5981,1211.6134,22
411,20,317.8217,1208.7747,23
411,21,316.5135,1209.6638,23
411,23,314.8352,1205.4593,31
412,13,404.4522,1344.8451,29
413,13,451.5164,959.3406,30
414,13,459.0185,1603.2975,32
414,14,452.3036,1604.4632,32
414,15,442.543,1605.3055,31
414,16,433.3665,1604.7494,30
414,17,434.0525,1606.8079,34
414,19,439.5012,1604.9266,31
415,13,476.9861,1437.7029,33
416,13,579.1522,1023.1243,39
416,14,584.004,1026.0257,41
416,15,589.5844,1031.5436,41
416,16,591.5687,1028.61,41
416,17,591.8921,1026.7152,44
416,18,590.5091,1030.6154,43
416,19,587.7785,1034.1764,43
416,20,580.8148,1024.2836,44
416,21,570.959,1025.0819,43
416,23,574.5793,1025.9492,56
416,25,580.9571,1031.6069,47
416,26,578.7452,1032.4022,45
416,27,575.8953,1025.5074,42
416,29,570.5005,1021.126,47
417,13,701.8982,1262.7613,48
417,14,696.2615,1268.988,49
417,16,689.9175,1276.0463,47
417,17,682.5701,1272.5817,49
417,19,678.9919,1273.9801,47
418,13,1135.967,1465.5701,79
419,13,1142.5163,793.3848,82
420,13,1186.144,263.7197,83
420,14,1189.7734,267.127,85
420,15,1181.8675,265.7669,82
420,16,1179.3032,266.1109,84
421,13,1292.1879,293.9332,90
422,13,1344.4652,1267.7319,93
422,14,1332.0921,1269.1696,93
423,13,1401.7519,511.3576,95
423,14,1401.2992,512.0768,94
423,16,1393.8902,516.826,94
423,17,1381.649,522.7354,95
424,13,1399.6149,386.4952,97
424,15,1407.1732,389.5866,98
424,16,1406.9391,387.9503,97
424,17,1406.3426,398.2268,100
424,19,1408.4759,398.8122,97
424,20,1404.9132,409.4615,101
424,21,1393.5675,409.7318,101
424,22,1394.2879,418.7084,102
424,23,1393.1727,422.6675,110
424,24,1384.6229,417.1772,98
424,25,1379.8149,417.5794,101
424,26,1380.1591,413.5634,98
425,13,1411.6645,1448.8987,99
425,14,1409.312,1446.8161,99
425,15,1407.3603,1441.3952,95
425,16,1405.542,1436.7799,96
425,17,1405.1869,1429.3274,98
425,18,1395.1041,1430.7827,99
425,19,1384.9154,1429.5821,93
425,20,1375.7129,1429.4367,96
425,21,1372.2953,1425.2594,95
425,22,1379.0881,1422.5246,97
425,24,1365.556,1422.6168,96
426,13,1412.235,113.1013,100
426,15,1413.8778,107.3752,97
426,16,1407.6279,97.8416,98
427,13,1441.5748,18.3413,101
428,13,1603.157,503.7279,114
429,14,408.2287,1081.0131,29
429,15,414.4277,1084.9754,29
429,16,422.0845,1081.7931,29
429,17,424.3601,1084.6073,31
429,18,426.679,1082.7954,32
429,19,426.0397,1088.1822,29
429,20,420.2977,1080.8363,30
429,21,412.6663,1073.7252,30
429,22,423.4205,1069.8472,34
429,23,421.0536,1064.7679,42
429,24,423.1624,1061.6197,33
429,25,421.7824,1050.2321,32
429,26,418.9438,1047.6016,31
429,27,417.9254,1036.0686,29
429,28,416.4728,1030.5903,32
429,29,407.2639,1034.6896,33
430,14,485.7138,1449.2061,35
431,14,546.4097,1284.7671,38
432,14,594.5546,1133.414,40
432,15,600.1389,1139.962,40
432,16,598.5794,1146.1547,40
432,17,598.0809,1148.4883,43
433,14,716.3361,1081.8173,50
434,14,698.53,95.7937,51
434,15,687.8122,93.8515,48
435,14,737.7355,1178.3809,53
435,15,737.0819,1184.6719,52
435,16,736.3951,1187.9421,54
435,17,734.0602,1188.5924,55
435,18,723.5179,1187.7309,54
435,19,718.9995,1194.0588,52
435,20,710.7223,1191.1897,52
436,14,781.3452,1369.441,57
436,15,783.1839,1363.5197,55
436,16,780.0924,1363.9525,57
437,14,799.2888,1240.4581,59
437,15,799.5628,1242.8764,57
437,16,798.4518,1254.0268,59
437,17,790.8702,1260.175,60
437,18,789.6962,1263.6746,61
437,20,790.0114,1272.8452,60
438,14,946.8423,1612.1914,69
439,14,1127.2335,1405.9403,80
440,14,1106.7559,479.6329,81
440,15,1109.6265,474.0459,78
440,16,1106.321,470.3328,81
440,17,1103.9833,476.4753,83
440,18,1094.6203,467.4678,85
440,19,1090.2783,469.9041,80
440,20,1081.5778,466.2635,83
440,21,1088.0815,463.6972,83
440,22,1079.3342,462.457,84
440,23,1080.889,468.0479,93
440,24,1076.8585,469.1629,82
440,25,1074.9376,470.996,84
440,26,1076.3021,468.7881,81
440,27,1071.8319,470.8159,79
440,28,1077.7048,469.0964,81
440,29,1072.5248,469.4636,83
441,14,1181.5768,711.9147,84
441,15,1181.993,704.5207,83
441,17,1189.3948,699.7876,85
441,18,1190.8327,686.5838,86
441,20,1185.7768,684.6191,89
441,21,1183.8373,680.5972,88
441,22,1183.5475,682.9796,90
441,23,1180.3687,688.5973,97
441,24,1177.4259,694.7943,85
441,25,1179.8318,695.1984,88
441,26,1172.3028,697.6197,85
441,27,1174.8405,699.3576,84
441,28,1176.7344,698.3328,85
441,29,1174.5965,692.8266,88
442,14,1203.9678,852.336,86
442,15,1199.227,856.5932,84
443,14,1250.8075,99.1264,90
444,14,1313.1969,257.2087,92
444,16,1306.7379,255.9355,89
444,17,1308.515,259.1516,91
444,19,1301.4499,252.2052,87
444,20,1300.5353,255.3084,92
444,21,1294.4029,263.5339,91
444,22,1287.987,273.8533,94
444,23,1279.2366,281.2025,102
444,24,1279.4036,285.0155,90
444,25,1273.0909,296.4235,93
444,26,1272.374,308.7078,90
444,27,1267.0868,313.4461,88
444,28,1264.8791,317.8392,90
444,29,1266.3862,323.322,93
445,14,1393.3842,27.4557,98
446,14,1424.0832,105.8174,101
447,14,1529.9777,666.425,104
448,14,1558.7312,438.5729,106
448,16,1552.0639,430.3312,104
448,18,1546.7072,434.138,107
448,20,1556.9606,436.3437,109
448,21,1560.8659,445.8293,108
448,22,1559.3276,439.1419,113
448,24,1547.3926,443.1724,106
448,25,1555.6368,433.5858,111
448,26,1555.4536,430.473,108
448,28,1557.5033,422.1496,111
449,14,1563.3159,18.5945,110
449,15,1556.3869,17.1831,109
450,15,50.9332,567.863,2
450,16,45.695,562.0065,2
451,15,10.3474,901.3263,5
452,15,82.7465,164.4555,9
453,15,313.08,1367.8258,22
453,17,301.9912,1365.8663,25
454,15,489.4995,1463.2338,35
455,15,619.6264,873.4719,42
456,15,730.3706,758.039,50
456,17,725.8487,756.5211,54
457,15,907.6115,999.5932,60
457,16,906.6169,1004.3449,62
457,17,904.5915,996.2797,65
457,18,899.3015,994.5828,66
457,19,891.1456,991.0507,61
457,20,883.5395,985.4746,62
457,21,881.7986,984.4065,63
457,22,880.0596,992.302,67
457,23,874.3659,993.3124,74
457,24,871.8272,992.3052,64
457,25,871.0046,989.1801,66
457,26,868.4707,989.0374,62
457,27,868.6978,989.0761,61
457,28,869.4507,984.1204,64
457,29,869.9476,986.399,68
458,15,1103.2651,1369.9648,77
458,16,1102.3514,1357.6654,80
459,15,1125.8127,1612.7742,81
460,15,1315.8374,244.8454,88
461,15,1321.1866,1281.8286,89
461,16,1314.6625,1284.7405,90
461,17,1308.3622,1285.5966,93
461,18,1305.0431,1280.6396,93
461,19,1304.0133,1274.1723,88
461,20,1303.0018,1273.5587,93
461,21,1309.1409,1267.2673,92
462,15,1361.545,538.8271,92
463,15,1370.7403,1541.1826,94
464,15,1385.2337,12.9125,96
465,15,1443.3935,491.8934,99
466,15,1490.6806,726.7723,103
466,16,1485.7127,739.2841,101
467,15,1548.7565,1558.4123,104
467,16,1553.2167,1558.6318,103
468,15,1562.5394,285.3618,106
469,15,1561.1158,451.3271,107
470,15,1568.5128,974.3126,108
471,15,1584.7988,1460.4321,112
471,16,1583.0835,1456.4614,111
472,15,1613.822,1135.9247,113
472,16,1609.2154,1139.1173,112
472,17,1604.7546,1142.7803,113
472,18,1599.9484,1140.9352,115
472,19,1596.5806,1140.9706,109
472,20,1593.2125,1132.923,117
472,21,1592.3005,1137.3809,116
472,22,1590.0053,1138.8373,117
472,23,1590.7687,1146.2244,125
472,24,1586.3835,1144.5646,113
472,25,1581.5765,1145.2267,118
472,26,1580.3129,1149.6189,115
472,27,1579.0076,1150.9124,112
472,28,1575.8464,1147.1277,112
472,29,1575.5003,1143.8026,115
473,16,9.6609,875.7369,5
473,17,11.4864,881.0653,2
473,18,17.8021,884.7178,1
473,19,21.8751,889.7173,2
473,20,27.5254,885.1741,7
473,21,25.8088,883.9578,4
473,22,31.3655,879.6485,4
473,23,30.3903,872.3772,4
473,25,26.9004,874.8715,3
473,26,29.1823,880.2617,5
473,27,23.3058,877.3548,3
474,16,181.9528,1409.2146,13
475,16,244.5019,476.1612,18
475,17,246.6891,476.6436,20
475,18,238.299,473.4639,20
475,19,239.9875,472.5003,16
476,16,319.6822,1353.4818,22
477,16,357.5063,342.2144,24
477,17,363.6687,343.7843,27
477,18,361.2899,337.1788,26
478,16,387.3334,670.1912,28
478,17,384.2061,666.2726,30
478,18,385.2832,662.9244,31
478,19,378.4095,664.0201,28
478,20,368.8004,663.6064,29
478,22,364.7657,663.4428,30
479,16,495.4265,1477.2483,35
479,17,495.2072,1484.7905,39
479,18,494.2048,1483.2791,38
479,19,500.1564,1471.7399,37
480,16,520.8598,1287.6979,36
480,17,513.5054,1298.8985,38
480,18,508.0095,1301.0627,37
480,19,506.3328,1305.6331,36
480,20,497.0715,1300.6732,35
480,21,491.0615,1303.0581,36
481,16,635.3862,68.8235,43
482,16,605.2717,18.1381,45
483,16,741.9954,116.2676,56
483,17,747.3403,117.9026,57
483,18,742.8115,106.0828,57
483,19,742.4487,106.8727,56
483,20,744.7679,108.2612,56
483,21,741.0554,99.3789,58
483,23,754.6721,101.7317,70
483,24,758.6539,104.2562,60
483,25,759.3876,103.1728,59
483,27,757.1705,99.6498,57
484,16,991.274,14.4595,71
485,16,1055.175,92.1167,72
485,17,1045.8563,94.5148,74
486,16,1125.9557,1468.1329,79
487,16,1190.3964,754.152,85
488,16,1566.8107,316.4011,105
489,16,1561.1674,829.3982,107
489,17,1561.4201,835.5787,106
489,18,1563.7206,830.2834,109
489,19,1569.1233,828.5968,107
490,16,1572.3794,14.3115,110
490,17,1580.1813,14.2143,111
490,18,1575.8461,15.5654,113
491,16,1611.2985,1281.6962,113
491,17,1605.3729,1279.1324,114
491,18,1601.786,1276.3274,116
491,19,1597.9951,1284.6239,110
491,20,1592.064,1287.3824,118
491,21,1589.4499,1288.3044,115
491,22,1587.6453,1287.769,116
491,23,1581.8859,1290.3095,124
491,24,1577.4119,1292.3399,111
491,25,1570.4861,1294.0444,113
491,26,1564.0929,1291.0147,109
491,27,1561.7458,1284.3931,108
491,28,1561.1129,1289.599,109
491,29,1555.9061,1288.9156,113
492,16,1612.9902,509.6746,114
493,17,52.584,597.7887,4
493,18,47.9691,602.5314,5
493,19,49.1978,601.7811,1
493,20,47.7168,606.8616,6
493,21,53.3369,615.2138,3
493,23,45.4715,615.6011,2
494,17,18.3492,1004.4329,5
494,18,17.184,1011.4459,2
495,17,111.1714,982.19,13
495,18,116.0232,982.859,13
495,19,119.5008,989.8402,12
495,20,129.624,986.195,13
495,21,133.0588,999.088,13
495,22,130.7738,1005.3175,11
496,17,126.4765,647.2284,15
496,18,131.5149,644.829,15
496,19,128.4111,650.3232,14
496,20,121.2356,656.3293,15
496,21,123.755,660.3509,15
496,22,123.0461,656.5959,13
496,23,117.4941,660.2882,13
496,24,117.3358,659.7813,12
497,17,239.0155,634.2325,19
497,18,233.6055,635.4581,21
497,19,227.9393,641.5416,18
497,20,221.0083,640.5823,18
497,21,221.0545,645.5232,18
497,22,222.7153,651.5112,17
497,23,222.2566,654.3085,19
497,24,220.3617,657.9012,15
498,17,174.4679,7.4946,21
498,19,180.2703,12.6522,19
499,17,414.0646,1378.2025,32
500,17,626.6349,53.3292,46
500,18,632.1061,47.5732,44
501,17,689.2177,401.6818,50
501,19,686.4641,402.8384,48
501,20,685.8592,406.5466,48
501,21,687.4482,408.7216,48
501,22,691.5744,408.5259,52
501,23,693.7747,412.7386,62
501,24,700.9687,421.0386,53
501,25,704.2512,429.6187,52
501,26,714.3165,431.7389,51
501,27,710.7496,428.7685,50
501,28,715.8726,435.4847,53
501,29,726.9615,435.7653,58
502,17,770.3204,1377.6536,59
502,18,767.5389,1370.3647,60
502,20,754.6258,1374.4565,55
503,17,942.2725,1612.1548,72
503,18,946.9953,1610.3773,73
504,17,1107.7884,1418.575,81
504,19,1095.9584,1413.8263,78
504,21,1087.3545,1405.8847,79
505,17,1166.2974,849.3536,86
506,17,1194.2684,278.0693,87
507,17,1186.3134,1050.0829,88
508,17,1319.0981,1024.6237,94
509,17,1387.8853,110.4399,97
509,18,1383.3281,108.7993,98
509,19,1376.4807,106.3107,94
510,17,1474.1518,751.7088,104
510,18,1477.8359,747.5158,105
510,19,1471.5431,757.8969,101
510,20,1470.9128,759.2501,107
510,21,1469.2355,747.4825,105
510,22,1471.4863,744.3336,108
511,17,1540.6945,301.273,105
511,19,1536.2852,304.3298,103
511,20,1549.61,301.9951,114
511,21,1545.3088,292.0261,110
511,22,1539.8571,289.5941,111
512,17,1567.8116,1511.9401,108
512,19,1570.6695,1505.3584,108
513,17,1600.6344,339.1124,112
513,18,1600.9129,339.0092,114
513,19,1599.9108,339.7219,111
513,20,1605.3095,329.9113,119
513,21,1605.509,317.8726,117
513,22,1602.7813,310.5098,119
514,18,18.6184,330.1606,4
515,18,156.5032,1359.7336,14
516,18,201.7257,1464.9379,17
517,18,146.2382,1547.8292,18
518,18,163.46,1537.3616,22
519,18,346.2596,1371.9039,29
519,19,334.1301,1377.3654,23
520,18,578.6367,1165.9949,42
520,19,573.9092,1169.1209,42
520,20,571.4669,1170.8027,43
520,21,566.1676,1168.5223,42
520,22,560.8178,1174.2343,45
521,18,616.0478,869.4492,45
521,19,619.2663,863.0069,44
521,20,612.9006,869.4878,45
522,18,670.1825,1274.1088,47
522,20,665.5316,1271.4685,47
522,21,662.581,1268.0293,47
523,18,652.2284,1103.3066,49
523,19,654.5333,1103.6929,50
524,18,697.2578,1004.6789,52
525,18,741.5429,1086.761,56
526,18,955.6032,371.9874,71
526,19,946.2919,365.9183,68
526,20,947.0,360.9789,68
526,21,945.7273,360.4716,69
526,22,955.6385,367.7947,73
526,23,955.4365,372.5149,82
526,24,949.3874,373.6622,70
526,25,954.0658,375.5665,71
526,26,954.2486,373.6091,68
526,27,943.6039,368.7276,66
526,28,946.3072,381.4891,68
526,29,943.4026,388.7794,71
527,18,1030.3557,879.3351,72
527,19,1025.5582,875.7216,69
528,18,1020.7669,139.8747,75
528,19,1019.3896,133.2684,71
528,20,1020.7952,132.1496,73
528,21,1023.1431,133.8894,75
528,22,1027.0014,132.6519,78
528,23,1021.4109,129.916,84
528,24,1014.2259,127.5681,76
528,25,1008.8716,125.3557,74
528,27,1003.7773,125.6496,72
528,28,998.366,124.0709,72
528,29,992.0642,117.2364,75
529,18,1084.1234,65.0308,82
530,18,1091.6669,1386.5659,83
531,18,1186.6665,510.9624,87
531,19,1185.6087,512.5708,85
531,21,1183.6333,502.583,89
531,22,1181.7674,509.7265,91
531,23,1169.7471,512.1922,99
531,25,1167.4913,519.1636,91
531,26,1160.5168,528.3624,86
531,27,1163.8562,534.1778,85
531,28,1165.1904,533.0312,86
531,29,1161.6491,536.1183,89
532,18,1168.2181,803.3429,88
533,18,1162.7786,1059.6039,89
533,19,1149.8916,1057.2055,83
534,18,1297.5559,272.4526,91
535,18,1330.313,1004.6853,94
536,18,1359.2094,528.8913,95
536,19,1356.9092,533.4905,92
536,20,1351.2658,532.1055,98
536,21,1345.4013,532.2788,96
536,22,1347.0046,532.2526,98
536,23,1350.3738,533.1836,105
536,24,1349.3917,536.9072,92
536,25,1348.9824,536.4973,96
536,26,1338.8484,539.2649,94
536,27,1336.7782,538.9174,93
536,28,1345.8616,532.7967,94
537,18,1397.221,391.9334,96
538,18,1428.8742,27.0703,100
539,18,1543.2407,286.6746,106
540,18,1551.0587,621.0552,108
541,18,1555.4305,1002.6698,111
542,18,1567.6215,1547.9316,112
542,20,1564.9296,1539.7084,111
543,19,15.8815,1034.4792,3
543,20,22.5206,1033.4531,3
543,21,22.2929,1032.8975,5
544,19,126.0019,1125.0781,8
545,19,323.4964,362.9053,24
545,20,321.0131,358.1821,25
545,21,322.9056,360.5124,25
545,22,311.52,356.8702,27
545,23,313.2723,362.9273,34
545,24,319.6199,360.2236,26
545,25,310.259,367.1925,23
545,26,317.2619,370.8651,23
545,27,317.1575,364.1198,25
545,29,318.8061,359.807,29
546,19,414.4506,314.3927,30
547,19,564.9219,37.5692,40
547,21,563.4818,38.2793,44
547,23,566.4579,42.3015,55
547,24,564.916,44.9574,46
547,25,567.2488,43.7365,45
547,26,572.8405,46.9553,44
547,27,574.9201,43.4945,43
547,28,564.5783,44.5263,44
547,29,566.0896,41.5206,48
548,19,596.7042,948.7503,46
549,19,657.9678,53.4199,49
549,20,652.7548,51.8548,49
549,21,661.0243,47.0319,50
549,23,673.4796,40.956,63
549,24,671.1449,39.4303,54
549,25,672.3156,35.9676,53
549,27,681.4601,42.0324,53
549,29,681.5372,30.1978,57
550,19,1003.4673,295.67,72
551,19,1074.2218,52.3352,79
551,20,1075.4241,51.9088,82
551,21,1074.0568,51.0228,81
551,22,1076.1305,48.4267,83
551,23,1080.3863,49.3574,91
551,24,1076.508,53.1952,80
551,25,1074.0041,56.3419,82
551,26,1082.7887,58.5706,79
551,27,1077.6761,57.3278,78
551,28,1078.6932,58.2346,80
551,29,1082.0763,61.7538,84
552,19,1157.6592,259.2172,82
553,19,1183.841,719.5565,84
554,19,1230.7634,70.7635,86
554,20,1222.1758,62.9982,91
555,19,1315.7492,1010.6786,89
555,20,1318.1441,1009.8252,94
555,21,1311.0145,1012.4746,93
555,22,1307.2706,1009.2595,96
555,23,1301.8206,1010.1654,104
555,24,1298.8201,1011.057,91
555,25,1302.0536,1013.8112,95
555,26,1302.4118,1019.1984,92
555,27,1298.8522,1017.0352,89
555,28,1302.6029,1011.4923,92
555,29,1298.7199,1008.8764,94
556,19,1331.0963,853.489,90
556,21,1329.3762,849.9917,97
556,23,1329.639,860.7175,106
556,24,1330.264,860.9611,93
556,25,1333.7215,857.5566,99
556,26,1332.8589,854.2264,96
556,27,1323.5708,850.8629,94
556,28,1323.0483,851.522,95
556,29,1320.7422,850.5592,99
557,19,1367.7785,1612.0519,96
557,20,1364.8655,1612.1667,102
557,22,1369.7238,1612.5699,104
558,19,1453.8888,247.5393,98
558,20,1450.1633,251.9091,103
558,21,1448.2323,251.7927,102
558,22,1443.4208,249.2061,105
558,23,1445.3617,246.8783,112
558,24,1440.103,243.1247,101
559,19,1539.3884,978.6195,102
560,19,1555.4604,14.5436,104
560,20,1560.594,10.6686,112
561,19,1612.579,192.2433,112
561,20,1610.0812,192.2867,120
561,21,1607.2204,193.2361,118
561,22,1605.4489,187.2483,120
562,20,34.2966,497.2604,1
562,21,39.9256,501.2015,2
563,20,80.2685,1141.7349,8
564,20,182.87,1118.9741,16
565,20,220.782,461.3095,17
565,21,218.156,463.1166,17
566,20,189.0883,1567.7869,20
566,21,176.9649,1569.0629,16
567,20,314.819,1357.6301,24
567,21,312.0989,1355.8944,24
568,20,326.1838,1576.2479,27
569,20,420.1262,297.2796,31
569,21,417.0517,304.3233,31
569,23,417.2572,301.0533,41
569,25,415.7725,312.7434,33
569,26,427.3634,315.4777,33
569,27,422.537,313.45,30
569,29,414.3063,307.5976,34
570,20,454.898,1605.819,32
570,21,455.9924,1599.3568,35
570,22,455.3664,1599.7289,36
570,23,448.1666,1602.4344,43
571,20,494.5029,1457.6228,38
572,20,547.4101,42.9114,41
572,22,555.7241,41.6039,47
573,20,717.0252,1086.1114,51
573,21,710.5382,1074.4723,51
573,22,723.6713,1073.3087,57
573,23,721.413,1071.0494,65
574,20,861.4113,1204.1588,64
575,20,977.6069,297.4229,70
575,21,977.8272,295.7608,72
576,20,979.9739,859.8532,71
576,21,975.7734,864.5231,70
576,22,975.6534,867.6634,75
576,23,969.0462,868.7619,81
576,24,971.5254,869.5145,69
576,25,972.4406,870.2654,72
576,26,980.4482,869.1853,69
576,27,992.3443,872.135,69
576,28,1002.7054,866.8395,74
576,29,1008.5735,867.5923,77
577,20,1009.3777,10.5455,78
578,20,1070.0591,1354.8008,80
579,20,1110.2102,1459.882,81
580,20,1095.5851,899.6395,85
580,21,1092.4472,893.8401,84
580,22,1093.3898,893.0185,86
581,20,1144.09,256.1592,86
581,21,1146.0313,251.7464,85
581,23,1143.1853,252.79,95
581,24,1149.0177,258.4115,84
581,25,1150.5087,259.6418,86
581,26,1150.7231,262.2518,83
581,27,1156.5614,266.5337,83
581,28,1155.9513,267.0987,84
581,29,1155.7621,269.6489,87
582,20,1152.2832,1078.0575,87
582,21,1147.6398,1084.9052,86
583,20,1163.5836,837.8371,88
583,21,1163.709,831.6554,87
583,22,1158.2768,832.2681,88
584,20,1167.674,499.9052,90
585,20,1362.0584,99.2476,99
586,20,1369.798,1530.0489,100
586,21,1364.2487,1524.0187,100
586,22,1364.3088,1522.3846,101
586,23,1365.53,1525.4518,109
587,20,1464.8365,481.8479,105
588,20,1542.2305,957.8988,108
588,21,1548.1745,949.2307,107
589,20,1558.2614,810.0524,113
589,21,1560.792,801.4713,111
590,20,1569.8722,1433.177,116
590,21,1569.7585,1437.2895,114
590,23,1579.4312,1431.3938,123
590,24,1583.0448,1437.6021,112
590,25,1583.3022,1432.9031,117
590,26,1582.6155,1429.2646,114
590,27,1581.7785,1426.893,111
590,28,1582.9198,1428.1024,114
590,29,1578.6022,1422.9238,117
591,21,46.0726,1520.6655,7
591,22,45.7399,1521.9441,5
592,21,132.6134,1147.8546,11
593,21,141.0308,1366.3426,14
593,23,145.3673,1374.2438,14
593,24,143.0961,1372.5154,11
593,25,147.6361,1378.515,12
593,26,152.7351,1381.0598,13
593,27,145.6489,1382.5412,12
593,28,155.4911,1374.0483,15
593,29,151.5442,1374.2305,9
594,21,239.6093,1452.9437,20
594,22,247.605,1454.502,21
594,23,259.4525,1455.2637,28
594,24,268.4402,1457.3102,21
594,25,274.2676,1458.2217,21
594,26,266.93,1458.3286,21
594,27,269.541,1446.2081,19
595,21,313.8461,1596.2641,27
595,22,312.3564,1590.7068,29
596,21,361.2372,655.3342,29
596,23,358.097,659.2404,38
596,24,356.0956,663.4756,31
596,25,356.4252,656.0854,30
596,26,351.1775,645.5503,28
596,27,343.3842,642.8419,27
596,28,336.6078,642.1858,28
596,29,332.7481,642.1452,31
597,21,477.0031,412.8677,32
597,22,482.0197,410.716,35
597,23,474.5508,410.5511,46
597,24,466.5411,417.5238,34
597,26,464.2929,424.4859,30
597,27,466.4506,422.5934,31
597,28,467.9967,417.7697,31
598,21,474.2891,1457.2905,37
599,21,609.6539,843.4482,45
599,22,609.9787,845.3492,50
599,23,601.2649,849.5053,58
599,24,599.5861,846.6479,49
599,25,602.8005,850.7317,48
599,26,606.3926,849.6972,46
599,27,596.9062,850.9604,46
599,28,597.2675,851.7333,47
599,29,588.7136,856.1403,50
600,21,686.4156,1191.0036,52
600,22,677.0398,1195.5011,55
601,21,670.0834,889.634,53
601,22,674.067,891.1217,58
602,21,737.6542,1374.3465,55
602,22,738.4462,1380.4719,59
603,21,754.8411,1286.7141,56
603,22,755.8887,1281.2657,65
604,21,864.2956,1227.1853,64
604,22,857.1466,1235.1305,68
604,23,844.4877,1240.4955,75
604,24,838.4825,1244.0088,63
604,25,827.6452,1244.8524,64
604,26,831.7266,1248.7295,61
604,27,822.0525,1254.1716,60
605,21,1206.9537,66.8532,90
605,22,1206.3959,64.2083,92
605,23,1209.3813,70.5164,100
605,24,1208.6196,69.2819,88
605,25,1210.7421,68.4116,92
605,26,1215.1412,66.3785,89
605,27,1212.7169,66.6755,87
605,28,1213.0668,69.5159,89
605,29,1216.2576,69.6157,92
606,21,1323.1557,18.0925,94
607,21,1341.1855,106.5732,99
608,21,1548.5423,1540.3833,106
608,23,1550.9997,1537.354,117
609,21,1547.0313,19.7533,109
610,22,24.5558,1048.9211,2
611,22,62.7309,378.726,6
612,22,91.1891,1177.5634,9
613,22,93.2267,1384.8533,12
614,22,211.4967,450.0493,15
614,23,209.9672,449.3751,17
614,24,204.4737,441.8972,13
614,25,196.2351,432.3472,14
614,26,203.653,432.2491,15
615,22,155.4271,1545.4646,18
615,24,153.2657,1548.4866,17
616,22,205.8087,1134.984,19
616,23,208.0144,1131.5892,20
616,24,216.759,1127.0107,20
616,25,222.5379,1114.9495,18
616,26,233.8742,1112.9371,18
616,27,232.608,1106.4872,18
616,28,229.1436,1100.4386,19
616,29,229.4781,1099.2032,18
617,22,221.1833,808.7338,20
617,23,210.524,806.0547,22
618,22,215.0695,1537.893,22
618,23,209.385,1534.9977,25
619,22,219.961,1558.0112,23
619,23,226.2546,1557.6227,30
620,22,323.0338,1215.3507,25
620,24,325.6149,1212.529,25
621,22,265.6064,1334.2273,26
622,22,405.9966,1387.2553,32
623,22,432.0262,1450.7107,33
624,22,435.9667,292.1023,38
624,24,427.4857,294.4073,36
625,22,475.3965,1301.1648,39
625,23,473.46,1306.4617,48
625,24,468.1126,1317.9979,37
625,25,461.9067,1322.7038,36
625,26,470.9614,1324.6443,37
625,27,469.9681,1313.7856,35
625,28,471.877,1311.1215,37
625,29,463.7666,1309.2251,41
626,22,484.315,935.516,41
626,24,484.0193,940.0537,40
627,22,561.7879,1024.4691,43
628,22,548.9711,1462.9194,48
628,23,539.4046,1464.4317,54
628,24,533.6931,1452.9108,44
628,26,527.91,1449.8671,42
628,27,531.9834,1437.3916,41
628,28,525.7056,1434.3788,42
628,29,519.4553,1428.6379,45
629,22,630.8691,1270.6081,49
629,23,622.9081,1271.5714,57
629,25,621.2253,1266.9032,49
629,26,622.0414,1264.6865,47
630,22,635.0007,1486.504,51
630,23,624.6396,1488.5992,59
630,24,618.2388,1492.4786,50
631,22,643.4945,1096.8141,54
631,23,655.7661,1102.6811,61
632,22,716.3079,67.632,56
633,22,811.4311,21.3043,66
633,23,815.9465,24.7482,73
633,24,812.0802,25.9815,62
633,25,814.386,23.1436,63
633,26,816.9032,30.5465,60
633,27,814.2895,28.6308,59
633,28,813.4245,26.1391,61
634,22,962.7544,595.4544,72
635,22,965.6186,254.4288,74
635,24,964.4161,255.5888,71
635,26,963.3836,256.4194,67
635,28,962.9632,260.8357,69
635,29,961.7711,259.3684,72
636,22,1075.5664,1421.0708,80
636,23,1066.0448,1413.2054,87
636,24,1059.1301,1414.8088,73
636,25,1051.174,1410.1817,75
636,26,1054.7112,1410.6924,72
636,27,1056.6927,1406.4678,71
636,28,1054.5494,1407.7912,73
637,22,1139.679,240.6412,87
638,22,1159.9588,1100.2908,89
638,23,1156.9208,1110.9448,96
638,24,1153.6263,1119.2024,86
638,25,1160.5886,1130.7893,89
639,22,1283.066,1262.159,93
640,22,1321.0096,103.4273,95
641,22,1338.8991,8.8388,103
642,22,1418.5322,1044.6188,106
642,23,1411.4631,1051.8658,111
642,24,1413.6008,1057.6337,100
642,25,1415.7892,1061.3382,105
642,26,1414.7841,1059.3174,102
642,27,1410.2115,1063.6906,102
642,28,1409.6628,1056.4457,104
643,22,1517.3761,933.5542,109
644,22,1555.0236,1500.5351,110
645,22,1569.0453,776.3749,115
645,23,1573.3376,775.0733,122
645,24,1573.4046,772.932,110
645,25,1575.204,772.9787,115
645,26,1576.1376,775.541,113
645,27,1578.5348,782.4567,110
645,28,1587.252,781.8567,115
645,29,1592.1392,792.8757,122
646,22,1587.2801,13.9382,118
646,23,1574.8432,12.0692,121
646,24,1570.1627,13.5734,108
646,25,1573.6629,10.2454,116
646,26,1568.4727,6.5057,111
647,22,1606.438,918.7111,121
648,23,29.2222,1064.6476,5
649,23,65.2698,1512.3987,6
649,24,63.9085,1519.2316,5
650,23,101.8927,1186.566,11
651,23,149.2412,1011.8812,12
652,23,120.712,1587.3056,15
653,23,168.2446,1597.6828,16
654,23,167.1644,1543.2337,21
654,25,168.21,1547.6513,16
655,23,188.0589,1537.291,23
655,24,181.0047,1535.479,19
655,25,180.1346,1531.0601,17
656,23,200.6158,1556.5927,24
657,23,212.3327,1577.2093,26
658,23,211.4022,1598.8689,27
659,23,265.096,1348.6901,32
659,24,275.9633,1350.0366,24
659,26,281.5859,1359.1161,19
660,23,227.5836,1538.3161,33
660,24,224.1983,1530.4773,22
661,23,297.7501,1538.2542,36
662,23,322.6132,1615.8851,37
662,24,322.8745,1611.8395,29
663,23,345.1992,1390.7919,40
663,25,353.49,1396.3781,29
664,23,444.3448,1458.0865,44
664,24,440.167,1461.56,38
664,25,431.0263,1456.6317,37
664,26,433.0672,1461.5173,35
664,27,431.4728,1455.5382,34
665,23,547.5644,1181.5052,51
666,23,732.7706,1293.8493,64
666,24,736.9054,1290.506,58
667,23,726.6551,1372.3189,66
667,24,728.1949,1379.1472,55
668,23,900.5977,626.1825,79
668,24,897.0492,627.4909,68
668,25,890.0707,626.4897,69
668,26,890.3432,635.1195,66
668,27,878.9211,635.5504,65
668,28,873.8219,630.5996,67
668,29,877.4501,641.7538,70
669,23,958.8078,260.2127,80
669,25,956.8434,259.2067,70
670,23,1007.386,592.0564,86
670,24,1006.4509,590.8423,77
670,25,1014.7208,594.672,79
670,26,1013.3539,597.5178,75
670,27,1007.1458,600.5432,74
670,28,1012.1621,593.8678,76
670,29,1010.2149,602.513,80
671,23,1105.5948,908.0232,92
671,24,1096.0609,906.5918,83
671,26,1097.6398,910.0911,82
672,23,1166.4566,844.0299,98
673,23,1268.8963,1266.2871,101
673,24,1268.5793,1255.3834,89
673,25,1275.007,1243.5527,94
673,26,1274.1303,1248.4388,91
674,23,1356.7862,1432.0046,103
674,25,1357.0705,1424.6237,100
674,26,1347.3203,1426.5605,93
674,27,1354.6009,1424.6804,92
675,23,1324.62,80.1518,107
676,23,1433.5467,1256.4434,113
677,23,1478.2269,727.599,114
677,24,1476.1343,723.3842,102
677,25,1479.2506,723.627,107
677,26,1477.9592,730.6994,104
677,27,1474.124,728.4367,104
677,28,1476.0702,725.5801,106
677,29,1465.9679,722.5628,109
678,23,1516.6609,916.7193,115
678,24,1508.6809,908.0586,103
678,25,1497.5914,904.3137,108
678,26,1492.2203,904.4677,106
678,27,1487.2662,897.9175,106
679,23,1530.3464,450.9808,116
680,23,1526.9848,319.5983,118
680,24,1524.4358,311.1966,105
681,23,1602.0221,932.6936,126
681,24,1597.3125,943.0269,114
681,25,1590.6951,932.6152,119
681,26,1585.3277,931.6432,116
682,23,1600.162,167.1546,127
682,24,1598.5605,162.723,115
683,24,32.7568,642.5764,2
684,24,31.3236,856.0522,3
685,24,34.6578,1100.9581,4
685,25,39.4452,1099.5793,4
685,26,44.1011,1107.2108,2
685,27,44.8906,1105.7232,4
685,28,39.619,1098.4751,5
686,24,93.0621,1198.211,7
686,25,93.3074,1206.3859,8
687,24,117.988,821.1022,9
687,26,116.2394,823.931,8
687,27,114.8378,826.1233,9
688,24,136.8927,1574.0698,14
689,24,201.5266,791.688,18
690,24,305.9531,1525.7515,28
690,25,309.9845,1524.9911,27
690,26,317.1588,1514.6557,26
691,24,366.5362,1395.9688,32
692,24,589.7292,1192.5608,43
692,25,590.9484,1183.1801,43
692,26,587.6063,1179.4653,43
693,24,608.62,1272.8345,47
694,24,590.6315,1024.265,48
695,24,701.726,1083.8419,52
695,26,703.9322,1085.2381,50
695,27,700.3358,1081.6582,49
695,28,709.7888,1083.7322,52
695,29,707.7253,1077.2484,55
696,24,782.5538,523.6747,57
697,24,863.154,186.3524,66
698,24,1161.2736,863.6692,87
698,25,1160.9567,863.02,90
698,26,1159.8118,867.208,87
698,28,1165.5752,876.9309,87
699,24,1317.9346,59.952,94
699,25,1319.9261,46.481,98
699,26,1324.248,44.7602,97
699,27,1326.0988,39.7072,96
699,28,1324.4443,35.5933,97
699,29,1327.1495,27.7127,101
700,24,1380.3391,1525.3768,97
700,25,1384.2005,1527.4608,102
701,24,1410.2983,1245.8656,99
701,25,1398.7403,1250.7253,103
701,26,1390.417,1248.7545,100
702,24,1527.1497,104.3642,104
702,25,1519.6827,99.6509,110
702,26,1522.0646,97.8342,107
702,27,1525.7084,87.8949,107
702,28,1531.3977,80.98,108
702,29,1535.7403,70.1879,112
703,24,1561.5918,1561.4301,107
703,25,1569.7474,1568.2288,114
703,26,1573.8164,1581.3081,112
703,27,1583.6582,1587.9774,114
703,28,1586.9782,1585.5249,117
704,24,1600.6038,327.0604,116
704,25,1596.9782,319.5493,120
704,26,1594.492,319.2841,118
704,27,1588.5032,317.4661,115
704,28,1590.9307,306.6418,118
704,29,1590.6334,304.3452,121
705,24,1608.1454,64.6868,117
705,25,1606.9556,62.0293,122
705,26,1609.7887,73.4453,119
706,24,1613.5612,503.6328,118
707,25,39.9314,590.545,2
707,26,39.7378,590.1326,4
707,27,37.482,587.8274,2
707,28,37.2705,587.4619,2
708,25,38.7106,1530.5818,5
708,26,37.3126,1523.6242,3
708,27,38.203,1520.878,5
709,25,115.0965,840.1953,9
710,25,107.3703,1002.3051,10
710,26,103.5831,1003.5502,9
711,25,206.3261,655.4112,13
712,25,249.0011,1339.4687,20
713,25,340.0155,1207.2212,22
713,26,345.7965,1201.09,22
713,27,351.3024,1192.5239,23
713,28,356.2923,1180.4286,24
713,29,352.7311,1173.3074,28
714,25,298.0886,1606.4649,24
714,26,293.7858,1595.2344,24
715,25,297.4534,1368.2468,25
715,27,301.1142,1357.5751,21
716,25,456.1894,429.973,31
717,25,391.6104,1601.1032,34
718,25,474.3283,1586.2908,39
719,25,592.3313,1492.4746,44
720,25,711.0575,1097.6362,51
721,25,716.9995,1368.911,54
721,26,715.8516,1377.358,55
722,25,675.2016,888.0719,55
723,25,686.3746,1020.6071,56
724,25,755.4566,624.557,62
725,25,992.4205,9.7155,80
725,26,986.8602,13.198,76
725,27,988.3721,13.9327,76
725,28,985.4268,17.645,75
725,29,985.536,19.2848,76
726,25,1086.2546,898.9224,85
727,25,1135.0217,1607.7243,87
727,26,1138.5784,1605.4532,84
727,27,1135.9561,1599.2014,82
728,25,1427.0224,237.8951,104
728,26,1420.3601,226.249,101
728,27,1414.6396,216.5707,100
728,28,1409.9135,211.0363,103
728,29,1412.5261,206.7434,106
729,25,1475.9429,488.7786,106
729,26,1465.4639,488.3984,103
730,25,1513.2232,294.7803,109
731,25,1599.985,185.2053,121
732,26,106.6893,1213.9143,10
732,27,115.6989,1220.6885,11
732,28,111.7242,1222.2915,11
733,26,186.3982,656.9194,12
734,26,182.9786,1566.4976,14
734,27,172.1592,1565.941,14
734,28,163.073,1573.1124,16
735,26,212.2675,805.2819,17
735,27,206.9809,800.9954,16
735,28,207.795,796.4263,20
736,26,363.8432,1365.2067,29
737,26,446.1585,1585.3619,32
737,27,442.3369,1576.7113,32
737,28,444.0576,1570.4172,33
738,26,618.5534,1517.1371,48
738,27,619.1543,1517.6788,47
738,28,609.9389,1523.6637,49
739,26,694.2968,1304.2742,52
740,26,731.1067,74.1176,53
741,26,719.2109,627.8004,54
741,27,708.3951,633.1211,52
742,26,1015.1393,133.9884,73
743,26,1164.9079,1145.9699,88
743,27,1169.9135,1155.4838,86
743,28,1173.6673,1159.6182,88
743,29,1169.483,1164.9399,91
744,26,1404.9533,1523.5394,99
744,27,1407.1317,1532.7754,97
744,28,1414.704,1535.1574,102
744,29,1420.2852,1543.4087,104
745,26,1496.7163,292.9616,105
745,27,1488.6118,292.536,105
745,28,1477.4693,291.4502,105
745,29,1480.1463,293.7767,110
746,26,1593.9203,200.2174,117
747,27,89.665,1012.1077,8
748,27,176.3857,642.9274,13
749,27,189.5429,421.0087,15
749,28,189.5704,409.2667,17
749,29,186.5665,400.7114,12
750,27,305.3875,1494.4497,22
751,27,292.5614,1580.3512,24
752,27,568.5881,513.3766,39
753,27,543.3797,1157.8198,40
753,28,544.3915,1147.0209,41
753,29,550.4316,1151.0616,46
754,27,620.7314,1230.7633,45
755,27,705.953,1351.5775,51
756,27,969.5417,234.898,68
757,27,1050.5434,1128.6794,75
757,28,1053.752,1126.9945,78
758,27,1136.6963,898.1805,81
759,27,1274.8092,1199.0754,90
760,27,1276.24,1301.2964,91
761,27,1365.5721,450.2713,98
762,27,1357.7394,1612.1001,99
762,28,1362.8571,1611.3537,100
762,29,1361.2525,1609.6445,103
763,27,1396.2756,1229.8702,101
763,29,1399.4805,1239.6915,105
764,27,1421.154,405.1088,103
765,27,1581.0049,947.2225,113
765,28,1578.2443,945.4789,113
765,29,1579.298,955.1224,116
766,27,1596.085,161.3228,116
766,28,1586.8827,157.4969,116
767,28,53.5153,1514.0722,3
768,28,26.3669,862.4434,4
768,29,26.1201,865.8374,3
769,28,14.856,1299.0336,7
770,28,119.9746,808.9271,9
771,28,189.2475,617.9617,12
771,29,201.1607,621.0986,14
772,28,111.5093,700.7847,13
773,28,127.1352,1010.6065,14
774,28,264.8036,1312.6053,22
775,28,277.4027,1567.2192,23
776,28,311.4159,1477.3148,25
776,29,318.0797,1472.5262,30
777,28,369.8375,337.1531,27
778,28,351.8802,1357.8336,30
779,28,421.8267,1444.7228,34
779,29,424.1774,1443.042,37
780,28,608.6763,1200.3521,45
781,28,603.224,1018.653,46
782,28,637.8678,1262.8439,48
782,29,638.8871,1264.9194,52
783,28,686.5678,633.1571,51
784,28,678.6623,1337.7069,54
785,28,744.8244,80.109,55
786,28,728.1567,1407.3057,58
787,28,814.2184,1242.4766,62
787,29,813.231,1251.033,64
788,28,844.7834,177.9414,63
788,29,848.195,179.5427,67
789,28,839.7789,1464.7926,65
790,28,1074.5431,1592.4205,79
790,29,1074.9892,1597.7458,82
791,28,1091.6696,863.6526,83
792,28,1354.8601,1259.1019,91
793,28,1298.109,1196.2165,93
793,29,1299.114,1184.0235,95
794,28,1375.4494,1422.0114,98
794,29,1367.8762,1426.8546,100
795,28,1388.0074,453.7306,99
796,28,1403.5223,383.7244,101
797,28,1479.1804,880.2553,107
797,29,1478.6163,870.3788,111
798,28,1598.4041,97.7225,119
799,29,29.9427,1548.9381,5
800,29,51.6691,956.3824,6
801,29,128.8113,1216.6971,8
802,29,116.3218,675.1141,10
803,29,140.861,801.4966,11
804,29,133.0727,1549.1167,13
805,29,154.9709,1511.7159,16
806,29,176.4648,1508.902,17
807,29,224.5177,789.8781,19
808,29,195.3948,1516.5456,20
809,29,211.56,1547.032,21
810,29,212.0539,1525.9581,22
811,29,216.2832,1566.711,23
812,29,306.2177,1327.6368,25
813,29,259.5262,1435.2729,26
814,29,279.3291,1549.4868,27
815,29,370.3013,1612.1109,35
816,29,431.0389,57.9515,36
817,29,428.5631,1585.3856,38
818,29,473.9774,404.5638,39
819,29,493.7753,938.8048,42
820,29,539.1168,512.2433,44
821,29,598.7316,1535.9829,51
822,29,717.512,331.1634,53
823,29,687.3702,1381.8424,54
824,29,689.0647,650.7002,56
825,29,764.5437,81.4599,63
826,29,827.3357,24.8026,65
827,29,1084.0902,1446.8426,78
828,29,1038.6088,1135.9563,79
829,29,1105.584,907.6414,86
830,29,1168.3631,860.8426,90
831,29,1294.1484,1289.4838,96
832,29,1330.825,523.5538,97
833,29,1392.1363,404.5575,102
834,29,1427.8143,1055.0521,107
835,29,1469.6782,483.8644,108
836,29,1571.3562,411.8692,118
837,29,1575.4986,1523.7752,119
838,29,1587.5965,179.7936,120
839,29,1599.2636,1600.2905,123
840,29,1603.7478,499.6214,124
