tracked_id,step_dist
0,12.165329722206456
0,6.814724036965848
0,12.708248418251827
0,5.679113843725951
0,12.108977643467664
0,3.1857030778149915
0,7.137437257167314
0,1.0541698961742374
0,1.953691093801689
0,8.266578577622056
0,6.499172206519855
0,8.82625862356185
0,6.785432296471612
0,4.527020797389822
0,6.078785946223137
0,3.357540626708765
0,3.3459275604830414
0,1.1080318993602913
0,9.229333134089387
0,9.020696846696476
0,11.692051416240004
0,2.324597276949279
0,4.223828713383159
0,5.376531828232763
0,8.687987019442414
0,9.420208766264153
0,9.765135416367755
0,6.645612715167812
2,10.837303198213162
2,0.6963734702012215
2,8.41000398810851
2,1.7666941359499726
2,4.821440217403888
2,4.262059298038944
3,12.711047799847252
3,7.365358495008922
3,10.845404241428787
3,2.1870664301755274
3,6.764318150412669
3,4.049708345054059
3,2.57772850587488
3,7.693198285498643
3,5.573184343801968
3,5.760640292536898
3,5.306598730825637
3,5.116683941773257
3,3.6996315546280503
3,5.921502897069369
3,9.278251119688433
3,6.680225776124592
3,12.257581635869355
3,10.408456141522656
5,13.333639218158053
5,4.519454047780536
5,7.38287611503807
5,9.047343999207724
6,12.077319196742316
6,6.646341453762348
6,5.346796914976246
6,9.176440194868603
6,10.619367744833015
6,7.549624062825938
6,10.243670127449418
6,7.723681849998768
6,4.902793328297663
6,7.330927093485533
6,6.102311451409168
6,5.129509489220133
6,6.623558597913997
6,5.033183951536072
6,8.399156865424057
6,11.318143045570622
6,1.8741841344970072
6,8.280959082739109
6,10.037646417363018
6,5.446382436994344
6,8.208562329665327
6,8.815407433011847
6,1.4057618077041962
7,5.4272159566393725
7,7.383393366196841
7,5.907493289035569
7,2.30272160714231
7,3.3762765600583817
7,2.095228448164978
8,5.335197527739699
11,5.922619260090978
11,6.608878906440917
11,3.17729719258365
11,8.271652809445007
11,12.423794985832608
12,2.7484670436444305
12,4.7224521268086646
12,12.296246694418492
12,6.576700355801481
13,10.700167883729543
13,5.012890424695161
13,3.954873350690307
13,2.7958537962489998
13,1.9841713232480422
13,2.9099591973084005
13,7.408840322884487
13,1.4358991956262255
13,5.027566355603924
13,3.720682825772717
13,7.384392712335982
13,6.269878698986117
13,7.274979192410185
13,3.454942050165221
13,4.012971739247602
14,6.705461029638461
14,4.77080386098608
14,1.0906099623605174
14,3.604427557879337
14,4.626691509059158
14,1.5536185406978222
14,1.4190388331543473
14,3.7041743614468525
14,10.570864809465656
14,7.403310102920171
14,12.186718941946616
15,9.522957697060313
16,5.390712383349715
16,11.071710026007759
18,9.909228995739246
18,0.9557718190028018
18,6.0438406365489215
18,2.8506987283822203
18,5.926773996872194
18,4.156155716524572
18,8.780645545744349
18,3.9545015488680684
18,2.8234451473333064
18,9.385099718703058
18,4.267902113451048
18,5.9101163051161505
18,2.2378072593501486
18,2.0095060612001157
18,6.684767364688185
19,12.871103424337784
19,7.034058726652732
21,3.738267868946767
21,2.9726041798396414
21,3.348094570050254
21,1.45969806809485
21,10.655087716673219
21,7.629732646036862
21,4.22544647700099
21,6.217728721165046
21,4.944319266592691
21,5.388757108090902
21,7.998617420529679
21,13.71123280708197
21,2.968754629470033
21,4.145003857657995
21,5.077152096402106
21,11.632140563971818
21,7.020430164883076
21,3.689797865737385
21,5.0160159738581385
21,3.0770004631133405
21,6.6141454512279525
21,7.530634912143887
21,8.596790234732932
21,2.4663398326264874
21,7.150726044955116
21,2.8064462831132224
21,4.896992940570803
21,1.638845178776724
23,7.500013995320135
23,6.240690106069905
23,5.926018055996868
23,9.081118001655952
24,12.622670627882204
25,9.431400965922316
25,4.877232200746623
25,5.108796893594401
25,6.745602506077573
25,6.287291920214925
25,4.190685205309511
25,2.039408122470817
25,7.037775856049952
25,7.196093415875051
25,12.125872092761
25,10.939659238294418
25,3.8994192862527193
25,1.4790099019276342
25,8.270087752859709
25,8.058603026579751
27,8.9164315249992
27,5.4774754412959
28,8.652174208255422
28,6.8357830634097665
28,2.7150133885489294
28,4.517732891617178
28,1.5230903617317328
28,2.621136932706944
28,2.496869868455273
28,4.756364082994464
28,1.9768668872739743
28,4.271085475613901
28,3.461973606196321
28,3.9547283724676228
28,11.33125293689982
28,4.263278448565096
28,1.6516436661701863
28,7.247401772359553
28,8.147325097846531
28,11.974226804683525
28,1.076074467683411
28,5.300979460439352
28,5.698772289712943
28,12.21020215107029
28,4.317168855859051
28,1.0424218435930823
28,7.007984660371324
28,5.599826398201963
28,12.592910937904723
28,7.4330197914440985
28,4.079113787331753
30,13.239413378243066
30,8.352253806608147
31,0.6835802293805561
31,5.659532620278839
31,4.146754781754071
31,10.601266295117753
31,10.553189201847948
31,13.663679444790823
31,9.14471369152688
31,8.77310320582174
31,2.6220748597246426
31,8.895351247140312
31,5.92379405786526
31,6.943087159182178
31,3.7109644797545416
31,5.573717552944345
31,12.282413673215887
31,7.4365417453276015
31,7.996978795770285
31,9.70364059773443
31,8.352957912619917
31,2.3137309199645877
31,6.236283002718839
31,2.0512155542507093
31,4.4412663970989135
31,4.25007870515359
31,2.9358331968965907
32,5.742623404856001
32,13.27713416818554
32,2.627440475063134
32,4.8262142358166855
32,7.938952906397625
32,5.927973243023282
32,1.6000289528629887
32,3.5923321742288943
32,7.688742501215679
32,6.839262718305232
32,3.164454534355019
32,7.006016480140447
32,6.813591442110377
32,2.636161330419682
32,1.924069045019007
32,10.864085786204026
32,4.523879264525102
32,6.552971620570383
32,8.355406887159953
32,8.840577429670484
32,6.371684808588664
32,13.079135971462374
32,2.5439913148436677
32,2.065215197019399
32,9.230298840232717
33,3.2812464369504357
35,12.842735092261304
36,4.197907183347473
38,12.88418617259147
39,8.551327031519758
39,5.432179070133822
39,7.679937010809424
39,6.656245375585275
39,3.0348091373263895
39,7.197612373558282
39,12.633092578620593
39,2.177918019577515
39,3.1780428206680873
39,7.642144960676851
39,11.377379657021255
39,4.950494409652385
39,1.2623879158167175
39,3.7293057651526
40,5.811309499587812
40,11.24127090190424
42,6.045716931845199
42,2.2946903930596005
42,10.022495290595039
42,7.5632410678227115
42,8.748185926236358
42,10.969594979305306
42,8.867018554734083
42,6.762092859462997
42,9.227573229186536
42,2.58995666759113
42,10.749209419301495
42,1.4325812402792426
42,12.511382191428664
45,3.5122820217061794
45,6.509421664019067
45,7.423112175496228
45,3.7495671923570306
45,6.968671664671813
45,9.418382146632174
45,5.99840744948192
45,9.625148395739158
45,6.41710393947299
45,7.520916989303942
45,6.643451832443692
45,3.3402828937082503
45,3.372870600838429
45,7.9238460573133125
45,9.657891068447624
46,10.517019601103677
46,5.3314037926235125
46,9.489704107083615
46,8.529216993956759
47,9.844352302208781
48,6.116419914459784
48,4.347003769264492
48,2.4053251339475814
48,3.5555831997015632
48,7.0250433450620156
48,7.321322222112647
48,4.512547733819504
48,7.361263267266018
48,9.364440922980984
48,5.733736710034716
49,5.951483776336789
49,5.308794496870313
49,2.1600521197415485
49,5.744838400686299
49,7.578918369398036
49,5.5147456604996705
49,11.07463921805138
49,5.101128255592024
49,10.27702556579474
49,5.586859026322338
49,3.126428513495893
49,1.216793926677838
49,1.5633024819272807
49,10.576867860099286
49,9.277519431938732
49,2.8528738861015155
49,1.6193831047655962
49,3.0309065640497317
49,2.8930765700202556
49,3.4674447450536166
49,8.550597669169093
49,2.526610203414875
49,5.555634995209814
49,7.148507006361526
49,6.1285929951335225
49,11.411526142457982
49,8.52907110182582
49,6.482075535659794
50,13.177897588386518
50,7.106576461278645
50,8.35369854914575
50,11.646080243584159
50,5.480379672978826
50,9.768389839169991
50,6.5237696157974145
50,1.3588037864239506
50,7.149972034910268
50,9.456025799985916
50,9.397877148590558
50,1.0742610948926374
50,5.546681574599308
50,2.5030775876908224
50,3.9752962480801233
50,8.723604862670102
50,0.875868123635085
50,1.486929648638493
50,6.272851055939444
50,5.960419009599902
50,5.180927238439101
50,2.1448365905121207
50,8.497890318190759
50,2.9598252803165264
50,2.9726543862344816
50,2.6506307268269897
50,4.730965958448527
50,0.5623759685476534
50,2.895417047680738
52,10.166660278577297
52,4.225189540127083
52,2.922795819074562
52,6.225919020514164
52,2.3054891585084882
52,7.951500304345097
52,10.083967514822753
52,11.46371620592559
52,0.7365964227445587
52,12.008589896403272
52,6.476554418052876
52,10.059100226163398
52,9.891221062133893
52,7.1022755459077835
52,7.179588106569904
52,1.5316081907590744
52,3.4783961490894715
52,12.19155837003616
52,7.233385108647261
52,6.186427405215377
52,2.094489639506433
52,3.2067663120345964
52,7.47525222584495
52,8.717107871880412
52,1.2634389775528836
52,5.259391072167917
52,1.3234021799891413
52,4.121596492865403
52,3.705537955547072
53,9.652219927042687
53,2.7652211665615174
53,6.460396298215758
53,9.515079813117703
53,2.0936031763445655
53,13.37368050052045
53,9.986865042144098
53,5.017098093519808
53,4.405549057722534
53,10.865058899978404
53,9.776034313053534
53,8.037334755377545
53,2.3618421221580626
53,3.5009105329899493
53,7.20445546172651
53,1.5669486334912488
53,10.355390446525895
53,2.6252577778192028
53,9.015217515401332
53,0.8405650718415154
53,5.927240289544545
53,8.252620001551051
53,5.531684417968898
53,6.933320735405202
53,12.415959291573147
53,6.451249089129973
54,0.16782139315348488
54,7.608518255876094
54,12.378698366548965
55,11.154028716566938
55,6.80889134073977
55,3.085831492483008
55,10.614875014337205
55,5.390140703172725
55,6.441814602268564
57,3.9537447363226876
57,2.6134020911447498
58,2.800462435027526
58,11.809564019471663
58,2.855501309752779
58,9.239820202255034
58,8.861727205234859
58,12.62870841574869
58,4.080107148102838
58,1.9284735777291455
58,11.18854290647349
58,8.31636152232461
58,6.1057245679771555
58,5.641393595557743
58,8.80142934130586
58,8.468795903196641
58,8.562907588547285
58,4.105136544623189
58,6.106849546206232
58,6.19304076282402
58,10.452067269684004
59,2.833368025865871
59,10.824995017550803
59,7.222988528303281
60,0.5133949454367289
63,8.96910091202008
63,1.368691440756461
63,11.033898862142937
63,3.09276649781389
63,4.752592224249797
64,9.546432757842057
64,3.428614880677123
64,6.869517556568271
64,5.638607014147981
64,3.929609642190971
64,3.3390965739253953
64,5.901596795783388
64,4.745940746574905
64,3.320926415926727
64,2.7966157851945987
64,12.290772319508717
64,3.1726788570544926
64,9.143375510718274
64,2.900392652728208
64,7.8014512271756224
64,0.7496316428753264
64,4.269723861094486
64,11.722986787504283
64,6.116616131489723
64,5.414164373197364
66,4.7471797153678335
66,3.108234823818845
66,7.65871802980114
66,8.801866168603175
66,5.688100324361413
66,8.370971318789652
66,8.850583109038638
66,4.40095019967284
66,1.9610719543147774
67,4.452972223133775
67,7.643659885813859
67,5.758877079778582
68,7.432897250063353
70,8.740212667893255
70,2.4741345739469836
70,9.047177303999298
70,11.423580272839175
70,4.971295446862881
70,4.012643587461996
70,2.7627905258995313
70,3.898011745749392
70,8.065949274574086
70,12.438941707396214
70,12.097529878863623
70,8.278301278039933
70,2.6443946471734256
70,2.0904235958292015
70,7.789561942112159
70,3.135480239133959
70,8.51043471568878
70,4.864885026390696
70,10.853109159130472
70,5.579526037218738
70,10.138757364687118
70,5.559286855344075
70,8.197541488153519
70,2.9069943412397947
70,4.745429954177013
70,8.388680948158589
71,9.521220931162004
71,4.054593567794274
73,3.1997171156212056
73,1.0601885917138036
73,8.266946708428758
73,8.164561681437595
73,11.960021167623445
73,3.4302896685265174
73,8.381440786046248
73,4.567405110125435
73,2.592808303750938
73,6.191539831899674
73,2.272632957606739
73,6.030963878187334
73,9.164465065130656
73,7.084346082031894
73,3.305890513916039
73,5.754435000936258
73,7.447645838115546
73,6.671624907022238
73,7.737334388534575
73,1.253291877417072
73,2.691646343783018
73,3.8338791699792996
73,6.584304456052986
73,5.135335667704827
73,3.5659851766377364
73,5.376584449257766
73,10.84928712312456
73,4.979801853487712
75,7.165393014343265
75,5.4937106676635405
76,7.315655438851655
76,5.977869563648984
76,6.03499115243755
76,5.945046778621589
76,7.251555684817008
76,4.924563172505727
80,7.574206393411777
80,9.253957877578683
80,6.417913568286824
80,8.194641579105188
81,1.0185215265275906
81,4.811593052202141
81,8.473252684182135
81,7.5600717701619295
81,10.103447871890051
81,4.48154375410968
81,6.072712057227811
81,9.732861720994519
81,0.9211424428393807
81,4.856046758423899
81,10.901321972128049
81,4.694410229198152
81,3.439875128547552
81,4.228737177929256
81,10.633600654999261
81,4.999663293662952
81,3.1804277526772546
82,4.417180560040459
82,9.844322173720238
82,8.52134539260089
82,9.620955541940832
82,3.3473690474759046
82,7.442366653827174
82,11.680311040379063
82,8.654034964107893
82,7.344168783463422
82,4.89953304407685
82,6.312606856125238
82,4.107074147127076
82,3.8814438924193286
82,6.904417035492402
82,5.530778683874351
82,5.103763381074699
83,4.8128924878913555
83,4.451038958490621
83,2.9882598565051413
83,3.8271475435367064
83,3.010827921020894
83,1.7846228172922836
83,0.5480877666944498
83,5.751259796774956
83,0.19346534573400165
83,1.456124805777264
83,4.120809932525398
83,6.6270421644953705
83,5.908282012565124
83,5.923539558406121
83,5.299041144395804
83,10.684619581903728
83,13.43383078202194
83,4.1635242043251095
83,10.431225021060538
83,4.308085943896596
83,5.232127821450815
83,1.0565501786474594
83,6.206007355780444
83,3.0961925989834786
83,6.558328329688954
83,3.0216317876273653
83,7.3432594248058765
83,9.0001960228652
83,4.152850416280477
84,13.777934458401173
85,9.992553984842889
85,4.21889912654941
85,5.327687743289757
85,11.278642223246553
85,6.905190292816034
85,1.4093651372160383
85,9.137771199805856
85,4.4722788430508285
85,5.72737450233527
86,7.490888291785004
86,5.361924655382649
86,10.98721962691197
86,3.7745554930348493
86,6.759298769842802
86,3.1162711066272637
86,0.9322434446003689
86,7.492220991134836
86,6.745569360699055
86,10.12697759106829
86,11.296301651868099
86,13.846208524357825
86,4.865865227274556
86,10.84229177849403
86,5.3671298400541865
86,6.67836984675144
87,3.3417364602853508
87,9.765255569108264
87,6.014276701316533
88,3.4743743782154857
88,9.928162894010033
88,10.450823175233607
88,9.58342356050282
88,2.757959684259305
88,3.9270480007252404
88,7.161105456561843
88,4.674404917206054
88,5.584256642562239
88,7.289344864938016
88,2.1269771837045877
88,6.573091055203814
88,7.328622184967603
88,7.4023718016592275
88,6.806643174135155
88,8.624198200412687
88,1.7068286615826163
88,5.479189294959641
89,3.643855547356351
89,9.936681334328803
89,11.13378073477283
89,4.1197405864933625
89,12.9430719916101
89,10.172938168002352
89,12.226566228095487
89,2.4731552316828425
89,1.441950404833734
89,5.293781748429005
89,7.5850385114382455
89,12.390346736875308
92,9.392549375435845
92,13.439908550284198
92,3.2733741888149503
94,4.191381644517568
94,7.69517078303021
96,11.431006465749295
96,2.0888168445317596
97,5.114703257277
97,1.5642423917027979
97,0.8315354111521616
97,4.36763978024751
97,5.189733046120899
97,1.3340945843530436
97,5.872663717598613
97,3.019754004881911
97,12.326925897400395
97,8.053922811276564
97,4.720474709179199
99,12.527250556287228
99,10.506781266401282
99,11.381878256685031
99,5.458302509938482
99,5.6897271112065635
99,9.373602895365403
99,12.910666816628689
99,10.695734292230826
99,1.5782026802663398
99,4.236637393027709
99,6.124593637132285
99,8.382705864456849
99,12.57175951567628
99,7.184298217641195
99,0.7175775149765155
99,7.67981808182977
99,9.520131356761807
99,1.475217695799534
99,3.7351664233336668
99,9.875035465759133
99,12.204208331555316
99,8.147257258734177
101,6.235520983045503
101,8.815951756900574
101,2.181712797322456
101,7.130492791525807
101,3.5074898602847546
102,10.93938443332174
103,12.106537775103176
103,4.441031287887986
103,1.800325798293194
104,1.8736866573683548
104,9.306599510562407
104,4.769863851306401
105,10.361295313810926
105,8.96148242758973
105,6.835483962383346
105,4.129110666959636
105,3.877131890973045
105,3.7486380940282777
105,3.6366472594960313
105,1.2436256711728082
105,6.342908261988364
105,6.596068002226758
105,10.206762279978934
105,5.4877910619847965
105,4.720857440126761
105,7.525564703063829
105,2.874132921421671
105,2.1801422201315344
105,4.643844145748226
105,0.7729608657623186
105,7.7494397636216235
105,3.8536923034928536
105,3.739390636186577
105,1.6938786408712847
105,7.493689506511487
105,3.1412762279048354
105,4.797093145854064
105,7.880432080793533
105,8.483818019028918
105,7.121149183242851
106,8.409272409073205
106,7.679344162101369
106,5.353167194287931
106,8.575341430520428
106,4.187962160765054
106,4.390424996512267
106,4.867408978090948
106,5.649028829807822
107,9.417218020731992
110,5.274362994713261
113,5.641020421874145
113,7.41376432859852
113,1.0974941002119107
113,3.760698812720818
113,8.027340915272088
113,9.00726236877774
113,3.572889940930112
113,6.4925672403141235
113,5.5570940697453715
113,1.738387965904066
113,7.779194524499295
113,2.6305920949474864
113,2.4132302604600424
113,2.873914741254469
113,4.907665720075068
113,9.367135088702419
113,11.89770032611342
113,5.08733930458735
113,9.350893900050453
113,0.5959584968771431
113,3.9943154131840815
113,7.19547316581749
113,6.98459380995058
113,3.127309018949023
113,7.669241156724673
113,5.736261543026114
114,7.765400576918216
114,12.032588036245539
114,4.558420824145153
114,10.64031645441059
114,6.399959190494889
114,10.082121535173087
114,9.564051704167998
115,11.003754824604156
115,5.76401611465483
115,4.649764089714592
115,5.371760115641848
115,4.452793785928086
115,3.91910404174227
115,2.8744040147480336
115,5.381238631579184
115,3.529926486486601
115,7.0549242944202035
115,6.28909732235084
115,11.821981959891483
115,13.779599937588879
115,12.153182300944842
115,8.523210850378014
115,6.314169921692002
115,13.359857970801915
115,8.095561579655818
115,12.848109769923306
115,3.3572887066798502
115,12.958330571489556
115,2.418875550746678
115,5.365892963896973
115,12.704700100750074
115,6.0985287676619615
115,9.549287569761393
115,6.685516923170599
115,1.3843251966210248
116,1.9809380934294663
116,5.2959588385862855
116,2.07250020265371
116,1.56157940880379
116,7.038584790282824
117,12.574211374873627
117,5.681224999064956
118,11.911119438574966
118,10.79904937158826
118,10.125211099527721
118,6.820224736033308
118,3.868015723856399
118,5.583669923088215
118,5.049470591062033
118,4.88808871134722
118,10.813213013716123
118,6.060160872452171
118,5.70038191878407
118,6.3992331571836765
118,4.097382487637616
118,5.8112081471928345
118,3.8193868827338857
118,5.010351045585519
118,0.9563106869631913
118,3.437573693755483
118,10.118016541793189
118,9.42881094571309
118,5.238935415711826
118,9.758507495001536
118,3.705337670172563
118,7.58520742300428
118,4.5672856676586875
118,11.53633811744442
124,8.183459631476182
124,10.574693274511546
124,1.254009130748235
124,2.815198346475707
124,5.286840419380927
124,8.5229823524399
124,7.674448806917557
124,7.862570651510962
124,3.852583091900816
124,8.253267307557595
125,6.6542099914264465
125,2.607786989000335
125,4.381624331226983
125,6.71834462721293
125,3.5878250138489403
125,2.749784793397434
125,4.604698353855577
125,8.625198238881307
125,7.960922645020531
125,4.143866662912741
125,6.335792680478142
125,10.209574978910734
125,10.363121395120336
125,7.712193037651463
127,8.455641941331269
127,8.234366259160392
127,5.123374705211469
127,8.922697315274135
128,2.9278016958119717
128,5.506595548067765
128,5.81941717012964
128,4.62078115149376
128,13.59577861874773
129,12.847596074752689
130,3.458629227020471
131,8.84280714761996
131,7.6457260910916975
131,9.137201215361248
133,6.95794504864762
135,8.11365372997885
138,13.229860003038562
140,7.502800485818622
140,5.493561090039867
142,3.6780953603733537
142,6.537710970209677
142,8.873108615361355
145,7.555154452425173
147,10.564238377658851
147,1.5608530135793917
147,8.882137900866002
147,8.29632721690755
147,7.784331349576449
147,3.1820824392212437
147,10.565521475535327
147,5.922272599264619
147,10.906370315095579
147,4.079074779898048
147,7.3831899047769145
147,2.127470472180488
147,8.264430821901813
147,8.703384999527508
147,6.648905700188634
147,3.778423423863485
147,6.995315761279138
147,9.412539008152866
149,2.685779374781298
149,5.826846510763815
149,11.010063302724433
149,8.563513714007758
149,12.885131217803018
149,7.389750374674326
149,11.582861973191319
149,10.902008127404846
149,11.687565222919634
150,1.650539560265158
150,1.7140101895846123
150,0.3794955862721454
150,4.42720743810362
152,13.37072983497903
153,4.578627095538583
153,13.319619170606837
153,11.039561073249343
153,8.83175840985246
153,3.8662931109784444
153,4.735035391631222
153,12.76861340201045
153,6.658329936252749
153,0.6178634962513887
153,4.040907922732227
153,10.335958674936732
153,4.522142086445303
153,6.901501669202148
153,7.480898532262084
153,4.487058691392368
153,9.43228546853836
153,9.950343242823312
153,3.532230950829829
153,6.334780997003821
153,8.592168239158315
153,13.078531747103712
153,7.621240126121231
153,1.490365837638502
153,4.930906433912565
153,5.119341857114033
153,5.5167079902782294
153,6.881318346072916
155,3.06882675464093
155,4.568124307634283
155,7.05294525783376
155,4.838022581592808
155,6.745999478209126
155,1.7264577637463812
155,6.369363315905173
155,2.0446952462407695
155,9.050434248697618
156,9.912676902330714
157,8.53548859878562
158,9.384609095748168
164,2.712303084096665
167,2.7514863837569434
167,3.157330011259548
173,5.367681302946442
178,8.359589239310758
178,7.98234098307005
178,10.760713712853812
178,9.005369736995782
178,2.5873624639775405
178,7.6024376386787385
179,10.248927487791104
182,12.723747077020896
183,11.331347800239984
185,8.21590898805485
185,7.717321909833785
187,10.355931066784889
187,9.57794312992094
187,8.62271235343034
187,9.655810061304992
187,5.780448164286223
188,12.704519331718137
188,1.9984030549416756
188,4.484642809633705
188,3.8158978314416636
188,5.1357380589356225
188,5.8967812949098874
188,2.1873828837220346
188,4.422814135818982
188,3.0799775648533774
188,4.518051545744083
188,3.375014174785039
188,4.424677265067008
188,1.4087981154161573
189,12.061398222842966
190,10.424517497706978
195,3.2756033718995528
195,12.778841770677003
195,11.76415342385499
195,8.305883170981962
195,7.568124589354935
195,10.972322664777968
195,6.999651509182546
195,2.77732256138882
195,6.531688683640687
197,6.065506897201658
201,7.516394970995069
201,11.65473945225704
203,3.2340560786727957
204,5.699057039546134
204,10.476307785665707
204,4.667538970378296
204,8.298151852671744
204,9.533887825016675
204,7.818991641509804
204,3.2145005615181295
204,4.889551121524424
204,0.6974077860190856
204,3.879729043374105
204,2.96825290364547
204,5.797428461826901
204,2.43738834205791
204,7.993614314563843
204,2.818444099144087
205,12.99323789707553
205,7.615732465101526
206,13.19193825713266
206,10.385221571540988
206,7.781866121953032
206,6.102110196481212
206,3.1768281933400755
206,6.198475015679281
206,5.579540050039895
206,2.1730098228034227
206,8.688126118444766
206,5.8747777260079515
206,5.811812234578861
206,2.1401067496740196
206,2.5097523563091593
206,3.5171057675311967
206,4.9651599631834085
206,3.6080759540232346
206,7.206592916212244
206,6.483192806788918
206,4.18923373064801
206,10.455377985037325
206,4.723662519698119
206,4.739861758532632
206,2.3089683778692547
206,5.719479823375536
206,9.692150961473876
207,6.574885854522531
208,1.6886861312866275
208,4.2242178412103595
208,6.740701750559918
208,9.259784121133745
208,10.252736318661432
210,9.35462308433645
211,10.00673458227
211,3.619290593472607
211,4.455919784960229
211,6.3101483120446025
212,6.824714536154693
212,7.953622892745113
212,10.37622471855723
212,8.292923974690776
212,6.4285223628763655
212,7.176160620415301
212,5.477270636001152
212,4.04024550862939
212,6.8200271583036445
212,13.221417960642558
212,7.189554590515319
212,10.953805881518893
212,4.955457649904723
212,9.540221855910909
214,10.41591768016617
214,7.208782046920339
214,7.231116740863748
214,7.437144186446744
218,4.935789957038281
219,4.635651680184784
219,8.956237197059982
219,10.773719812581014
219,2.969626973207199
219,7.9320713719683935
219,3.337825259057152
219,3.4364296355374435
219,10.33262265109881
219,7.679445920116884
219,4.531565268204771
219,8.11356469438682
219,2.6586789445136016
219,5.887535689913065
219,5.68517399909625
219,9.4246109463468
219,6.345877947140149
219,8.51147905008294
219,2.1891592632789507
219,9.161021874223424
219,8.237431194249817
219,4.443367740802011
219,3.37779986529693
219,12.597783694761556
220,8.37029520387423
220,5.271961428159365
220,6.287116644376806
220,7.192586125309955
220,2.6835653168871754
221,9.19298111822269
221,6.3550014350903
221,9.996253160559688
221,6.998712385146366
221,2.7818393375606827
221,10.859702464616625
221,6.152831466081305
222,3.004048285231116
222,8.955425768214488
222,6.849174359731255
224,8.247942773807328
224,9.638209482056311
224,8.038489177699974
224,1.7863765924351127
224,5.481913833689819
224,9.410052978596852
224,5.539090069677523
225,8.951585502579922
225,11.672845934047102
225,2.8497233707853096
225,6.248467181637477
225,10.41282791656517
225,5.802118471730906
226,11.820778394843552
227,13.181640347468182
227,11.0653239193437
227,7.7247933163288955
227,6.296792156328496
227,8.316866636540478
227,7.492195878379019
227,5.709813560879271
227,7.211208116536403
227,9.571988021826927
227,10.218064068109953
227,8.817495297985696
227,3.277502611745751
227,4.859008558337877
227,9.594156685191281
229,11.263322326915803
230,2.0823254812829175
230,11.14725782961892
230,8.69615771763608
230,7.5975258670174055
230,6.716202857269966
230,9.131077658195563
230,11.251139456073028
230,7.779835795182104
232,10.701853481056416
232,8.001381733800754
233,4.586122828708248
234,4.737852392170821
236,7.955810109599147
237,10.748093237872393
237,7.033386980680266
237,6.118938519874063
237,2.37922853042749
237,5.415479292731267
237,6.9617206845720485
241,7.514922856556838
244,13.42184097096967
244,5.697954110029325
244,5.075968858257504
244,9.196027645130254
244,13.582081861776567
244,2.843014767812474
246,2.0633754917609894
246,10.09366913763275
246,4.250142685840013
246,4.3410712341540965
246,7.722222623701021
246,4.84995134511676
246,2.387016508112156
246,8.2906630965201
246,10.63884736096915
246,8.330442569875837
246,11.416318944388323
246,5.530231044902269
246,5.672268902300019
246,4.970840220727329
246,3.854506242049651
247,5.419977278550034
247,2.2447580983259305
247,9.584118907859974
247,0.8798513738126152
247,8.087473915259357
247,7.1092794578633915
247,10.463141419287012
247,5.191355295103615
247,4.981718428414041
247,12.012182666360019
247,9.265849796429924
247,10.638544082721118
251,9.722070363867978
252,6.205598881655134
252,10.403996488369277
252,9.462726573773551
252,9.856941148754037
252,5.2930178953032385
252,9.36002489152673
252,1.3310245677672725
252,7.021859167627932
252,7.603431462175499
252,3.3756585994439754
252,12.45538483749098
252,2.338114702062339
252,5.370411147202784
252,7.595259722353176
254,6.536301817541762
256,7.81406693726127
256,5.693065976255681
256,2.583374854720042
256,1.4018655178012205
256,6.16935245305376
256,4.140331596623624
256,5.144632661327767
256,6.7406912412599755
256,4.592482597680731
256,2.0155544845029474
256,12.276222973700007
257,12.780388016018916
257,8.236238052047792
257,3.2262042743757022
257,6.123606821147216
257,10.115454720871366
257,4.311100949873454
257,5.156930588053294
257,3.136725174445516
257,3.751258455505304
257,3.6659807146246726
257,3.6490115319083327
258,4.664643194286084
258,5.160737587787238
258,6.35549343009646
259,6.254975831288283
263,10.653964248579046
263,5.085406439017533
264,11.092212279342768
264,7.796687599872116
264,9.318860317120224
264,7.847118467947324
266,8.121034708705686
266,4.495305606963689
266,3.9853320388644136
266,4.032161197174761
266,3.9611396870093136
266,0.7018933252283294
267,8.666070715728084
267,11.75818161664471
267,4.900321216002072
267,0.5178842534776029
267,1.902594809727028
267,7.25061527044429
267,10.43100135413667
267,5.0842613642493575
267,2.3065614320888814
267,2.551100282231221
267,4.003621233333572
267,5.1031292292083315
267,5.276492313080875
267,5.171217073378358
267,5.407778276704607
267,1.9964526190220093
267,7.879355530117945
267,1.4931861571820089
267,6.0376631249184
267,8.731638531799192
269,10.730818095560162
269,6.696384125780209
269,6.323629831829295
269,2.408642242010988
271,4.847919877638376
271,8.902480985096116
271,5.783285738228678
271,4.114800821425077
271,1.9451415809651142
271,5.444369433644388
271,8.558554083488556
271,8.66000076212464
273,7.463538164302548
273,2.4943141041175196
273,7.681379209490944
275,7.354448387200755
275,12.428707354347036
278,4.515912846811948
279,9.909597183538777
279,4.1553919526321295
279,2.846282083701467
281,9.58092147969079
281,6.933095242386323
281,6.069505841499707
281,12.372989185318131
281,4.02937755118576
281,3.5960687215346945
281,2.5755792086441662
281,2.7267734724394943
281,11.663898081259106
283,5.650390489160942
283,10.986171239335432
283,6.130587463693854
283,6.368971035418575
284,5.649103869641614
284,2.5373739751955973
284,10.024753695228654
284,11.20280335496432
284,4.499532493493167
284,12.803403132370708
284,3.3782648401213553
284,6.361372318140169
285,13.704168287422705
285,8.5538863366309
285,4.804052686014049
285,13.429180091874557
286,3.766572570653581
286,5.186045187809297
286,1.7938179534165752
286,1.6708209060220311
286,3.264259698614737
287,7.799858671155714
289,8.281714158916673
290,1.7595945015826768
290,6.96029520781989
291,0.02675761573823987
291,10.058152995456016
292,7.93515198909272
292,1.6874327986619018
292,3.1514318396563614
292,0.31585743619549583
292,6.544219901561986
292,3.056175655946462
292,8.385550279498693
292,7.792134113963881
292,12.63250892142973
292,3.182016065327146
292,8.442389730402175
292,5.663786369558846
292,6.129650236351119
292,1.6065257545398755
292,8.748763021136162
292,13.57086913686816
292,13.558524987991822
292,3.6559140690120815
292,9.348467480822787
292,9.067163951865005
292,2.2951868246396803
292,11.436772678076576
294,6.624195227346455
294,5.264384827308897
294,9.829985851973584
294,12.570765491408997
294,9.246710077103145
294,7.285407119715386
294,8.39206108235638
296,10.916600388857283
296,6.933275295991048
296,4.975794036131219
296,3.393806071359854
296,3.738167807897373
296,3.1329140747872306
296,2.3354821729142343
296,6.333369899982136
296,4.080197349393824
296,7.315786607740841
296,5.253764094437478
297,8.208596034036525
297,6.794679563452629
297,9.130432102042056
297,5.082804592938706
297,6.816060076026393
297,3.355038840311596
297,2.83246403331089
297,9.517525944277818
297,8.992614539164874
297,9.642472380567062
297,5.847263582223785
297,7.280323720824561
297,6.375986562093607
297,3.0893334070638945
297,8.948276574290718
297,6.662476892267692
297,11.866318030880457
297,8.504230637159356
297,12.366417767486269
297,6.166404175044121
297,4.53697764706853
297,8.225375907519414
298,4.87663212165929
298,6.664075605813692
299,4.712798695043145
299,13.849830002205747
300,8.76555862452587
300,8.705019704170509
300,1.8649582435003076
300,7.181686941798626
300,3.829329493527537
300,12.606647913303552
301,5.497293328539077
302,7.7185707705507705
304,6.821027037770915
304,11.344443073593519
304,3.416484287978055
304,12.614198933741136
304,10.071538005687193
307,6.997254733822489
307,4.460892736885762
307,4.560809316338391
308,4.3442026310936175
308,13.077772641011883
310,12.585467315916354
310,6.164137844824565
311,7.765286316034973
311,4.063208074908297
312,6.399277860040075
313,9.655237654765418
313,9.68879023666006
313,3.3254648186381415
313,7.312975488814411
313,6.446918713618133
313,1.3254516550972317
313,7.248515094831482
313,6.997555642508322
313,9.002001631859423
313,9.429423874235383
313,4.219466531446816
313,8.38556760929156
313,1.717711599774613
313,8.98087301101623
313,3.836263548037295
313,6.721439924599512
313,10.105067837971168
313,3.2222234947315473
313,13.745231753957443
313,1.957379996321571
313,3.990483805254689
316,12.583403352432171
318,9.288310677405256
318,12.181487953858525
318,5.278141873803669
318,12.226310753861888
318,5.988967966185769
318,2.153555905937898
318,3.517526250079749
318,5.186241683531519
318,3.918938760685068
318,2.841276489537767
318,6.363269060003728
318,13.286735086167722
318,8.211143190810834
322,4.416095843615699
324,4.415236918897956
324,2.5124953054682067
324,4.841354369388818
325,6.908032942886165
325,0.7648498937699515
325,4.545536089395704
325,2.696189394311842
326,3.481802758629458
326,8.110987008373332
326,3.0038890009452555
326,8.422441558716763
326,1.5654601496045544
326,2.401229886953716
327,9.717444158316493
327,10.070364466592135
327,10.518294318947136
327,9.097910795891691
327,12.361749129067395
327,5.166996235725312
327,1.1295331867636098
327,4.065562664625855
327,4.32963113671366
329,5.98578036098877
329,3.976123157046285
329,3.2953094316012446
329,2.6957792658154567
329,6.7140652134157435
329,4.9025421130267395
329,1.242022564207262
329,3.1871634237986233
332,3.8632287493753097
333,3.296616168133666
333,4.153412941184466
333,1.9453132395580741
333,4.05781962265449
333,7.624400478070268
333,5.337213131401134
333,5.0303579554541304
333,7.803495250206853
335,3.5101215434798245
335,7.903859857689789
337,3.275323816052429
337,8.839020601854006
337,7.677737308608515
343,8.817740021683482
343,6.019625225045185
345,4.890562374615006
345,5.299876681584206
345,12.093561030978446
345,3.3151293745494343
345,8.477155495211754
345,11.390301225165175
345,12.045452989821591
345,10.755482253251076
345,9.197929400142256
345,12.653991168402113
345,1.8300194889672763
346,11.88369943451959
350,5.361655335808223
350,2.856087316592337
350,1.7560737712294356
350,9.016441093912755
350,6.295810302892004
350,13.076822521163091
350,2.9063095224013646
350,3.3019084178697264
350,4.967282485424017
350,7.762452811450646
351,8.126658827587125
352,7.168431820837741
352,6.179933789289313
352,3.1732897519765926
353,6.163638149664507
353,1.437934786421156
353,13.841195916538414
353,8.710406568008072
353,11.31003122232645
353,2.28264355517889
353,4.710310403784431
353,2.788212230085833
353,5.2812308953499985
353,6.073598116438134
353,7.646714918839326
353,6.972970840323429
353,10.025355300436892
355,11.149696421427873
355,7.998474240128373
355,12.050828413432896
355,7.8538703815380115
355,13.693862356544921
355,3.6368281482632807
358,9.940225975801582
358,7.740515663701024
358,10.269815667771272
358,9.114354457118647
358,9.662612245143753
359,11.519591501437986
359,9.767243474491652
359,9.734617650940338
359,4.14778536209386
359,11.308073084747953
359,9.038602600512975
359,3.614915801232443
359,13.471244924282354
360,5.452471407536151
360,1.316883381321237
360,4.381940105706646
360,4.17161240409507
360,4.314316823090307
361,7.752517636226291
362,3.3914198988035
364,12.289876894826905
364,11.18209216247124
364,10.990624012311496
364,12.467626055107758
364,5.506096550188761
364,6.992931234468055
364,4.443304087050492
364,4.534170558106609
364,10.378798869329593
364,5.020968424517218
365,9.458615847998058
365,11.249112605890229
365,4.064852199034978
365,2.9039629784141985
365,0.5592636051094593
365,4.622830476017957
365,9.729368017502509
365,6.538521197488031
365,5.965975918489743
365,6.74303585783141
365,8.437109533483623
365,7.169307337532684
365,10.837386660076293
365,10.343330876463323
365,7.13552780178175
365,6.50393535330725
365,7.509549547076784
367,12.010681679238616
370,11.009877220932026
370,8.996097319393572
370,8.211596663865082
370,10.819430316333632
371,3.6150344742477207
371,9.113237414881882
371,13.30509389106289
371,6.100901653034627
372,5.10517580696288
372,4.6322511643908095
372,11.081952508470764
378,8.35082722848473
380,7.556785772403525
380,8.511491782290637
380,8.127632444937442
380,7.079749889650035
382,10.10456413755679
382,2.375990816480549
382,5.91750824672007
382,10.428435189423231
382,2.950383786899537
382,2.199936364988798
382,9.852952818825438
382,4.5848845219918
382,12.801977366407092
383,9.662960710362006
383,3.631489535989335
383,3.3341779571582557
383,1.1682443323209435
383,2.866887882356062
383,10.06659313422372
383,6.341398584697235
383,9.412354927965701
383,12.54624957268107
383,4.950600716074769
383,2.4781929908705624
383,6.107139929623363
383,9.60149897151481
383,4.044718532852439
383,7.360930936369396
383,8.813841379330574
383,5.122602527036433
384,3.845546164070887
384,13.563585969057092
384,9.752833914303952
384,9.523787339603926
384,9.951804621273528
386,11.725945408793278
386,10.449391366007882
386,11.649524760263828
386,7.032479611061782
386,0.40171046787452225
386,3.951451065115164
386,6.629999702111597
386,3.5485693173446693
386,5.739697178423258
386,3.3988809408392195
386,3.6948196451247526
386,6.7901252374311785
386,4.632177860358996
386,1.5112051349833504
386,7.812986441815958
386,9.56355701033879
387,5.5999279540008065
387,11.657176472027675
392,10.610107002288046
394,13.557274545055055
394,7.36195550787973
394,3.9324634785335144
394,7.119071203464685
394,9.959308751615234
394,6.990966108486072
394,7.484891626469831
394,4.2695948297232125
394,5.476986131989021
394,3.140570814358414
394,12.25573515706028
394,10.396388169455793
394,6.2806300384593925
394,6.521388240244448
394,2.5496152670550614
394,11.43539813823718
395,3.325615666309002
395,4.654847646271721
395,12.243361190865857
395,8.926958913874163
395,7.165426513474289
395,7.284128155105377
395,2.4829343466953877
395,6.059873204119116
395,0.9269922599462778
395,5.551315874637443
395,9.28518787747448
395,8.39556697549368
395,2.7920191546621878
395,3.2847023152790933
395,8.74118555631893
396,13.370553324376585
399,6.045016767553274
401,10.533836969499749
402,2.119184968331004
403,11.992504783405156
403,10.065435757084845
403,12.398010836017185
403,13.646723082850226
403,8.478875010872683
403,9.74375504874792
403,7.121700384037392
403,4.744937732994937
403,4.00166725253345
405,10.290239035124534
406,7.206098320172987
407,8.74275112879235
408,10.110502605212059
408,8.237662378369242
408,5.932640565549227
408,3.618922332684147
408,2.2053772761139876
408,11.07429532611444
408,9.662688620668694
408,7.787652150038534
408,10.945658088027436
408,0.644030690262513
408,6.211394569659852
408,10.363388125994302
408,8.424068546729643
408,12.212714019414369
408,1.900055222881697
409,5.939708359843914
409,6.121929043202018
410,2.452888093656083
410,9.415647109997284
410,6.514936703453023
410,11.91963355309213
410,6.728829453181373
410,4.796620364381642
410,3.0038518289023286
410,2.0657480436877984
410,3.641744076675358
410,7.384127366859341
410,4.591705227908271
410,2.3357173844452492
410,3.378438196859576
410,3.64994516671142
410,7.178748041267389
410,8.944579453501468
411,5.755237896907562
411,12.765759409451604
411,7.929763121934954
411,2.447884656187849
411,1.2613762166775873
411,10.536798916179416
411,8.278321970665285
411,1.5817351390166983
411,4.527086385303528
414,6.815331136489264
414,9.796876116905851
414,9.193334512569454
414,2.1697968222855426
414,5.764340498270357
416,5.653148255618285
416,7.847807628248792
416,3.5416741027373915
416,1.9222004578085126
416,4.138145604011373
416,4.4874154432146085
416,12.097958899335119
416,9.888077494134073
416,3.722738424869589
416,8.525602742914982
416,2.3505326417644277
416,7.4605761875340475
416,6.9498584877679495
417,8.399058267448932
417,9.490307418097585
417,8.123283813828003
417,3.841749315090767
420,4.978176136899977
420,8.02204006596823
420,2.587270857486709
422,12.456347173228611
423,0.8498152328595481
423,8.800464853631196
423,13.592938821314691
424,8.16606715928779
424,1.6529611308194108
424,10.293797379975969
424,2.2121623019118273
424,11.229444411011583
424,11.348919357365997
424,9.005460772220331
424,4.113167131299211
424,10.160830385849376
424,4.824793139607119
424,4.030723215503659
425,3.14189099269862
425,5.761535359606865
425,4.960565389146673
425,7.460955184157152
425,10.187283932923355
425,10.259193343045945
425,9.203648592270453
425,5.397205299967794
425,7.3226540871462005
425,13.532414095422787
426,5.957097703580169
426,11.39959556168553
429,7.357134108469226
429,8.291780238887139
429,3.619126552083923
429,2.9428351669775275
429,5.424603094236473
429,9.323776638787525
429,10.431011895784538
429,11.432047132513134
429,5.603704497919093
429,3.789221645668203
429,11.47091250773017
429,3.870036202673023
429,11.57787664297723
429,5.667611282542226
429,10.080084310163251
432,8.605853269141873
432,6.386045219069541
432,2.386250449973684
434,10.892354092665196
435,6.324861576350839
435,3.3415419015777186
435,2.423767336193756
435,10.577441634913377
435,7.775490786439167
435,8.760352427271437
436,6.200210591584753
436,3.1216482969738943
437,2.433772974211074
437,11.205612038617069
437,9.761199813547497
437,3.6912702637439936
437,9.176015224485985
440,6.281314620364092
440,4.971261596416052
440,6.5723015405563165
440,12.992337174273183
440,4.978807255759248
440,9.43147223979367
440,6.991710046905537
440,8.834780887492341
440,5.803065211592923
440,4.181884174627348
440,2.655204779296748
440,2.595512022703872
440,4.908631263397352
440,6.119447251182152
440,5.192998732909593
441,7.405704452649997
441,8.785720166839013
441,13.281863229607499
441,5.42422076431245
441,4.46512484259963
441,2.399961208019793
441,6.454713218261488
441,6.860239124112237
441,2.4396007091325114
441,7.9087631580418325
441,3.0757466898300843
441,2.153386228710533
441,5.906678834167315
442,6.3717294732276795
444,6.5832909126057855
444,3.674422896183829
444,9.907982184582297
444,3.235172854732837
444,10.259882066086321
444,12.151287551942756
444,11.427171163503335
444,3.8166553420501512
444,13.038122767101198
444,12.305201018268681
444,7.099716242921238
444,4.916631662022256
444,5.686162699923332
448,10.6008729914096
448,6.5716026302569555
448,10.487960910014936
448,10.258068797293122
448,6.8620467537025265
448,12.59718838669978
448,12.643960344765443
448,3.1181863446561264
448,8.572062625179543
449,7.071286372365442
450,7.857310703415076
453,11.26060059188676
456,4.769863731806125
457,4.854676307438041
457,8.315629633407204
457,5.5554990423903154
457,8.887881368470302
457,9.431100064149437
457,2.0424422684619383
457,8.084741260547505
457,5.782657507582514
457,2.731199284197391
457,3.231550830483684
457,2.537914990696119
457,0.23037382663841205
457,5.012566298813385
457,2.3321508463218894
458,12.333291857813027
461,7.144441365145459
461,6.358198431945831
461,5.965590818183948
461,6.5487752541983255
461,1.183062639930796
461,8.790350548755269
466,13.461989810202597
467,4.465597864788089
471,4.325356930936552
472,5.604771031897525
472,5.772027862025672
472,5.148198952060799
472,3.3679860451017216
472,8.72398781349453
472,4.550232566583936
472,2.7182796029841247
472,7.4264410029301535
472,4.688807426201455
472,4.8523834772202585
472,4.570350730523863
472,1.8376480457367117
472,4.93124117540397
472,3.3430637475226406
473,5.632432583706605
473,7.295808573420785
473,6.448591260887925
473,7.250279741499679
473,2.103830138105222
473,7.0318547610143405
473,7.336403664602974
473,4.289631044740299
473,5.853317320118613
473,6.556166552185841
475,2.2397664163925537
475,8.97241718267712
475,1.9441083328868527
477,6.35922634995797
477,7.020777712618409
478,5.013524832889502
478,3.5171846198344774
478,6.960482036468487
478,9.618001377625141
478,4.038015484120924
479,7.545387553333586
479,1.8135974525788048
479,12.98363120240247
480,13.399277582019185
480,5.90666390189926
480,4.8682521555482845
480,10.505821514760315
480,6.4658988555343155
483,5.589381093645285
483,12.657713122045363
483,0.8692329089490209
483,2.7030761901951874
483,9.626936664380871
483,13.818472662707736
483,4.7146401230634964
483,1.3084614056211301
483,4.162578697154
485,9.622320577698535
489,6.18566387221296
489,5.773430725314043
489,5.659839825471969
490,7.802505459786551
490,4.540862280448492
491,6.456454584367571
491,4.55344667367484
491,9.12155880647613
491,6.541197861248327
491,2.7719312419322537
491,1.8823480868321278
491,6.294825542459406
491,4.913166001673349
491,7.132462820793384
491,7.074750054242201
491,7.0252733021570135
491,5.244230851135279
491,5.251457112078656
493,6.617439482156235
493,1.4396714138996771
493,5.2919600574833465
493,10.06701389936463
493,7.874929742543739
494,7.109139191210176
495,4.8977060181272565
495,7.79941377284211
495,10.759491683160475
495,13.342687137154861
495,6.635351931133748
496,5.580555072750395
496,6.310293818832927
496,9.35740548763381
496,4.745591946217061
496,3.8213301623910967
496,6.667667005032526
496,0.531042841962842
497,5.547088908607823
497,8.313530819693934
497,6.99707206551427
497,4.94111599236442
497,6.214048651241858
497,2.834659235252051
497,4.061790159523284
498,7.763290766163539
500,7.94138309364304
501,2.986643018507562
501,3.7572132292432245
501,2.693612073035059
501,4.130838284174219
501,4.752700430281791
501,10.983789692087093
501,9.186562047904562
501,10.28618063860438
501,4.641772481498865
501,8.447039211463382
501,11.092449664974788
502,7.801589931545994
502,13.545884203329031
503,5.046220971182274
504,12.747511588149242
504,11.708804626006843
509,4.843515273022236
509,7.285603387503219
510,5.581562667389792
510,12.13946329332554
510,1.492792125515165
510,11.886536293218498
510,3.8706164689877975
511,5.3652542092616615
511,13.52779062264036
511,10.85731469747464
511,5.969560862408608
512,7.175400149120553
513,0.297005875362861
513,1.2296933357548263
513,11.19793883042768
513,12.040352899313215
513,7.851825974255888
519,13.30235890735164
520,5.667550815828607
520,2.965346612118126
520,5.76912511998133
520,7.826065680787469
521,7.201525639751639
521,9.084283202322547
522,5.34808890165449
522,4.531460801993132
523,2.337047646069823
526,11.114597721015329
526,4.98989759113348
526,1.3700797714001733
526,12.323135925972718
526,4.7245202973424
526,6.1569398324168105
526,5.051117208103593
526,1.9659172413914179
526,11.710622542802811
526,13.044681411977848
526,7.847622267285792
527,6.006112594682316
528,6.748344610347019
528,1.7965034928995232
528,2.9222488685941723
528,4.051898954811278
528,6.224053266160371
528,7.558892737034916
528,5.793379173677558
528,5.102770786543303
528,5.636884013353464
528,9.29640110419077
531,1.9250691935616142
531,10.181274674617066
531,7.3831683618890525
531,12.27058631769475
531,7.327281323929146
531,11.543897595266403
531,6.706002499253913
531,1.7591990222826144
531,4.6979774477958935
533,13.108283318573969
536,5.1423302772186394
536,5.810868141680874
536,5.867060008215266
536,1.6035140566892356
536,3.4954641522980148
536,3.8509372067070355
536,0.5792620305179972
536,10.505120930289207
536,2.0991627592924873
536,10.95313307003984
542,8.652591741784576
543,6.717926020729918
543,0.6004487072181139
545,5.336234358609085
545,3.0019750731809958
545,11.953974577520242
545,6.30547505744015
545,6.899421675039158
545,11.670133504806167
545,7.907502713878768
545,6.7461078741745455
545,4.617155596251853
547,1.6056556355582852
547,5.003525162323043
547,3.0710357243118866
547,2.6329741073545643
547,6.451959572874018
547,4.037557776676405
547,10.393143820808058
547,3.3642622044067854
549,5.4428767219182586
549,9.573139227024742
549,13.858248767430865
549,2.78901139832737
549,3.6552468835907734
549,10.972861034844101
549,11.834851142705599
551,1.2756732536193645
551,1.6292652607846565
551,3.322644564198773
551,4.356378786331512
551,5.456181790409744
551,4.021347547775456
551,9.062907968748176
551,5.261485588690859
551,1.3626366536975478
551,4.881611849584118
554,11.577856358152017
555,2.542407829204428
555,7.605952702982042
555,4.934942271192196
555,5.524776448871072
555,3.130167856521545
555,4.247486302508832
555,5.399095394600856
555,4.165355495032825
555,6.6926445371019625
555,4.681946369833849
556,3.8974159772854597
556,10.72901903623992
556,0.6707950208521283
556,4.852311459500651
556,3.4401033124021447
556,9.878356840082263
556,0.8410820768510907
556,2.4990160163552573
557,2.915261230147095
557,4.875002474871037
558,5.742342926889691
558,1.9345050943329547
558,5.462694555802846
558,3.0307995067307436
558,6.4609162392031205
560,6.4319105995031665
561,2.49817701534526
561,3.0142224536355764
561,6.244354337319377
562,6.871528957226339
565,3.1877086457203068
566,12.190365193873385
567,3.226700869309182
569,7.685457692291332
569,3.276450861832093
569,11.784004926170082
569,11.90904527239698
569,5.235045773438901
569,10.099257806888541
570,6.554215452668542
570,0.728240626441566
570,7.691349055269816
572,8.416183948203567
573,13.324782092402236
573,13.18454703696718
573,3.1944256729496083
575,1.676636066652513
576,6.281095944180377
576,3.1425919381937195
576,6.697894750591437
576,2.590914780536018
576,1.1838250926551828
576,8.080115950281929
576,12.256342247995462
576,11.635923403838694
576,5.916190112732936
580,6.59389541697467
580,1.2504084612636435
581,4.8209386565274555
581,3.0313061475212324
581,8.100503194863888
581,1.9330595153796883
581,2.6187912020625093
581,7.240194368937995
581,0.8315329277906691
581,2.5572087673868364
582,8.273581984243698
583,6.182971781433242
583,5.46664413786005
586,8.195001069554413
586,1.6352048250907152
586,3.3013702125026243
588,10.510332706912939
589,8.946463746643081
590,4.114071455383526
590,11.327859629250439
590,7.183390136279626
590,4.7060445981737935
590,3.702734008810263
590,2.51496631388973
590,1.6628932767919609
590,6.74237107551923
591,1.3211764643679011
593,9.013001369688139
593,2.8540700762244517
593,7.523749076092392
593,5.698754955251135
593,7.239390609712917
593,12.999932740210589
593,3.9511031940459342
594,8.146135119183803
594,11.871960374765406
594,9.217749917414771
594,5.8982559295100465
594,7.338378660848739
594,12.398541900159056
595,5.753502357694988
596,5.011911260188079
596,4.684284470439391
596,7.39754636349101
596,11.769736076055457
596,8.250512435600575
596,6.80808814352461
596,3.8599135288241633
597,5.458579343565489
597,7.470720127270214
597,10.619502784029006
597,7.316094562674834
597,2.8700567137254103
597,5.065422677329074
599,1.9285476504353767
599,9.654194821423491
599,3.31407667382636
599,5.197094361275386
599,3.7380974652889805
599,9.570133708574835
599,0.8531776485585645
599,9.622414157060604
600,10.398708183712053
601,4.252331154790304
602,6.176389654158715
603,5.548200457806107
604,10.688049590079483
604,13.748853559842745
604,6.95742078143914
604,10.870084279801974
604,5.629363229531273
604,11.099759601901246
605,2.7030791423856027
605,6.978878045216171
605,1.4505782088533028
605,2.293998330426538
605,4.846191950387522
605,2.442424920033496
605,2.861870397135434
605,3.1923603618637837
608,3.900701635603466
614,1.6715010888420312
614,9.278875506223773
614,12.612574279662361
614,7.418548646467181
615,3.715391494849438
616,4.048429267012115
616,9.870698628263273
616,13.374162801835583
616,11.513533404216068
616,6.573010912055517
616,6.970482717861155
616,1.2798841392876465
617,10.990825869787937
618,6.379365355582085
619,6.305579530067002
620,3.8241427928360308
624,8.788650977254697
625,5.6397856218122895
625,12.71528989838612
625,7.788368867741124
625,9.260298717644059
625,10.904036435192246
625,3.277396530784742
625,8.329160889309312
626,4.5473244639019095
628,9.685296770879075
628,12.8589412106907
628,6.535162989551289
628,13.123668991939724
628,6.963313627864199
628,8.486706245652703
629,8.019069016413342
629,4.962248188069677
629,2.36215539285623
630,10.570820982780972
630,7.484649958414791
631,13.601979839714527
633,5.678845337742523
633,4.058239098426827
633,3.6565543958759723
633,7.819157515359314
633,3.240576211108138
633,2.637573485232217
635,1.6708100580257348
635,1.3251236206483012
635,4.43626440262523
635,1.8905215417973575
636,12.350116749245702
636,7.098166499174084
636,9.203780832896935
636,3.573877212496213
636,4.666217677091422
636,2.5189526494159793
638,11.078680426837845
638,8.890539241800795
638,13.517761386413147
642,10.123792955706044
642,6.151295123793087
642,4.3026055838292585
642,2.256957830797852
642,6.327207045766856
642,7.265648470714681
645,4.485309560108489
645,2.1423479385944773
645,1.8000059027679767
645,2.727084569645831
645,7.319390297695436
645,8.73782443403395
645,12.054172922270583
646,12.576551300336595
646,4.916268695870825
646,4.829801656382966
646,6.397150313225416
649,6.967184517436115
654,4.539655176332223
655,7.283205450898619
655,4.503748574243581
659,10.950400519615695
659,10.679463985144604
660,8.538562029405178
662,4.0540297297873105
663,9.99714934768904
664,5.433158850061426
664,10.384629862445749
664,5.294748357570995
664,6.188032657476867
666,5.317351401778929
667,6.999761776660815
668,3.782031571787833
668,7.049954871486826
668,8.634101243904938
668,11.430224985537249
668,7.10719785006718
668,11.729450664033621
669,2.207012315325905
670,1.5324656015715084
670,9.11360785309529
670,3.1570545212270145
670,6.9060517497336535
670,8.350103643069323
670,8.861775831062364
671,9.640754906645139
671,3.8390136363393608
673,10.908307049675562
673,13.464055472999174
673,4.964128936681589
674,7.386373352329159
674,9.940703912701496
674,7.5194356417219055
677,4.705689513769525
677,3.1257443161590888
677,7.189336250308536
677,4.452928287093772
677,3.4565673724086596
677,10.543271056934852
678,11.776592227380577
678,11.704754856894711
678,5.373307287881529
678,8.212686944599769
680,8.779861268266144
681,11.355942103145793
681,12.336672146490766
681,5.4547013447115935
682,4.7120994057850405
685,4.981996407064126
685,8.939641886563432
685,1.68412113875471
685,8.962405936465778
686,8.178579467120171
687,3.325614439468291
687,2.6020495479524803
690,4.102486333919996
690,12.581378050515696
692,9.459597302739622
692,4.996936206316776
695,2.610879713812996
695,5.0744238066996115
695,9.6778450597228
695,6.8042409341527605
698,0.7224169502441814
698,4.341674793210555
698,11.302723741205046
699,13.617412134836757
699,4.651878357180165
699,5.381288845620511
699,4.43413390190233
699,8.331984361483121
700,4.387877158718129
701,12.538103847472296
701,8.553442320492989
702,8.83013510032537
702,2.9956379120313126
702,10.586168472587245
702,8.954550602905769
702,11.63303903414751
703,10.617727301546292
703,13.697622037784384
703,11.888674851723518
703,4.127609023393576
704,8.340359618745497
704,2.500304277483095
704,6.2586619528457055
704,11.093161259983503
704,2.3157631247603945
705,2.911688563359804
705,11.762291936948362
707,0.45558173800092594
707,3.2253031919495667
707,0.4222824883889911
708,7.096661310785473
708,2.8869406990792594
710,3.986622361097165
713,8.426836561842201
713,10.18297618675405
713,13.084165395622266
713,7.962011986928965
714,12.02656302066378
715,11.282137985771902
721,8.524639781832324
725,6.560849208753377
725,1.680959755615895
725,4.738772349459352
725,1.643431982164154
727,4.219953803064837
727,6.779488220360001
728,13.417074438937867
728,11.242491322656274
728,7.27774721806126
728,5.0254023888639665
729,10.485894956559545
732,11.272208204251761
732,4.285772869623424
734,10.833707579586958
734,11.575318932971095
735,6.806043036155417
735,4.641059536355943
737,9.457140525550143
737,6.525067302334736
738,0.8090239180642437
738,10.988294916410037
741,12.053687325047122
743,10.750363927328245
743,5.5842884775053445
743,6.769701424730862
744,9.489421613565389
744,7.938113837052283
744,9.961613580640401
745,8.115667292958868
745,11.19527882144962
745,3.5466789042709754
749,11.742032202732162
749,9.067335512707132
753,10.846196589127455
753,7.26705335744831
757,3.6240863634852123
762,5.171843602623775
762,2.3443774866686695
763,10.33098822475355
765,3.2651268459279144
765,9.700895625662621
766,9.965933779631415
768,3.4029613926696314
771,12.319272537370065
776,8.205907652417286
779,2.889788769097167
782,2.3122873394108607
787,8.613184063979995
788,3.7687101573350232
790,5.343952217226459
793,12.234348123214405
794,8.989435159118656
797,9.892596274992808
